StartDate,EndDate,Status,Progress,Duration (in seconds),Finished,RecordedDate,ResponseId,RecipientLastName,RecipientFirstName,RecipientEmail,ExternalReference,DistributionChannel,UserLanguage,Last Seen Flow Element ID,Last Seen Question IDs,Consent Form,S1,S2,S3,S4,HH,HL,LH,LL,CT1,CT2,CT3,CT4,PT1,PT2,PT3,PT4,PKA1,PKA2,PKA3,PKA4,Attention Check,MC_CV1,MC_CV2,MC_ID1,MC_ID2,MC_ID3,AgeGroup,Gender,PriorPurchase,Familiarity,Condition,CV_num,ID_num,CV,ID,CT,PT,PKA,CV_check,ID_check,PKA_c
09/09/2026 03:20,09/09/2026 03:22,IP Address,100,113,TRUE,09/09/2026 03:22,R_4yrrrqVoyUYeaTQ,NA,NA,NA,NA,anonymous,EN,FL_EOS_ID,NA,I agree,Yes,Yes,Daily,Yes,NA,NA,NA,Please confirm you have read the post before continuing.,3,2,4,2,4,3,4,3,2,5,6,2,Strongly agree,2,1,4,2,2,25-34,Woman,Yes,7,LL,0,0,Low,Low,2.75,3.5,3.75,1.5,2.6666666666666665,-2.431910569105691
09/09/2026 03:22,09/09/2026 03:23,IP Address,100,79,TRUE,09/09/2026 03:23,R_4HPcqEiLQdCMGtP,NA,NA,NA,NA,anonymous,ZH-S,FL_EOS_ID,NA,I agree,Yes,Yes,Daily,Yes,NA,Please confirm you have read the post before continuing.,NA,NA,3,2,2,3,3,2,5,4,7,7,7,7,Strongly agree,7,7,3,2,2,18-24,Woman,Yes,5,HL,1,0,High,Low,2.5,3.5,7,7,2.3333333333333335,0.8180894308943092
09/09/2026 03:23,09/09/2026 03:25,IP Address,100,87,TRUE,09/09/2026 03:25,R_4fe8Aq2FvHspK72,NA,NA,NA,NA,anonymous,ZH-S,FL_EOS_ID,NA,I agree,Yes,Yes,Daily,Yes,NA,NA,Please confirm you have read the post before continuing.,NA,6,6,7,7,3,2,4,4,2,5,6,1,Strongly agree,1,1,7,7,7,25-34,Woman,Yes,5,LH,0,1,Low,High,6.5,3.25,3.5,1,7,-2.681910569105691
09/09/2026 03:25,09/09/2026 03:26,IP Address,100,69,TRUE,09/09/2026 03:26,R_4CqB0Ua9X8YTPxO,NA,NA,NA,NA,anonymous,ZH-S,FL_EOS_ID,NA,I agree,Yes,Yes,Daily,Yes,Please confirm you have read the post before continuing.,NA,NA,NA,6,6,7,6,6,5,5,4,7,7,7,7,Strongly agree,7,7,7,7,7,25-34,Woman,Yes,6,HH,1,1,High,High,6.25,5,7,7,7,0.8180894308943092
09/09/2026 03:27,09/09/2026 03:32,IP Address,100,314,TRUE,09/09/2026 03:32,R_70oBn4ruHvk1bcg,NA,NA,NA,NA,anonymous,ZH-S,FL_EOS_ID,NA,I agree,Yes,Yes,Daily,Yes,NA,Please confirm you have read the post before continuing.,NA,NA,2,2,2,2,4,4,3,2,6,6,6,6,Strongly agree,5,5,3,4,4,25-34,Woman,No,4,HL,1,0,High,Low,2,3.25,6,5,3.6666666666666665,-0.1819105691056908
09/09/2026 03:31,09/09/2026 03:33,IP Address,100,98,TRUE,09/09/2026 03:33,R_2g8yRcylHVAiWLh,NA,NA,NA,NA,anonymous,ZH-S,FL_EOS_ID,NA,I agree,Yes,Yes,Daily,Yes,NA,Please confirm you have read the post before continuing.,NA,NA,3,2,1,4,4,3,4,4,7,7,7,7,Strongly agree,7,7,3,2,1,25-34,Woman,Yes,4,HL,1,0,High,Low,2.5,3.75,7,7,2,0.8180894308943092
09/09/2026 03:31,09/09/2026 03:35,IP Address,100,234,TRUE,09/09/2026 03:35,R_43lPPrbtFoihsXO,NA,NA,NA,NA,anonymous,ZH-S,FL_EOS_ID,NA,I agree,Yes,Yes,Daily,Yes,NA,NA,NA,Please confirm you have read the post before continuing.,5,2,2,2,2,2,2,2,7,7,7,7,Strongly agree,3,5,4,2,4,25-34,Man,Yes,2,LL,0,0,Low,Low,2.75,2,7,4,3.3333333333333335,0.8180894308943092
09/09/2026 03:34,09/09/2026 03:36,IP Address,100,133,TRUE,09/09/2026 03:36,R_22JAn97g1DSKa6T,NA,NA,NA,NA,anonymous,ZH-S,FL_EOS_ID,NA,I agree,Yes,Yes,Daily,Yes,Please confirm you have read the post before continuing.,NA,NA,NA,3,3,4,4,2,2,3,4,6,6,6,6,Strongly agree,4,5,4,3,4,18-24,Woman,Yes,5,HH,1,1,High,High,3.5,2.75,6,4.5,3.6666666666666665,-0.1819105691056908
09/09/2026 03:36,09/09/2026 03:38,IP Address,100,91,TRUE,09/09/2026 03:38,R_8V8dvppf5pig8nN,NA,NA,NA,NA,anonymous,ZH-S,FL_EOS_ID,NA,I agree,Yes,Yes,Daily,Yes,NA,NA,Please confirm you have read the post before continuing.,NA,7,6,7,7,4,5,5,6,2,2,6,1,Strongly agree,2,1,7,6,7,25-34,Woman,Yes,6,LH,0,1,Low,High,6.75,5,2.75,1.5,6.666666666666667,-3.431910569105691
09/09/2026 03:37,09/09/2026 03:39,IP Address,100,122,TRUE,09/09/2026 03:39,R_3gMCvD64GrWFgV0,NA,NA,NA,NA,anonymous,ZH-S,FL_EOS_ID,NA,I agree,Yes,Yes,Several times a week,Yes,NA,Please confirm you have read the post before continuing.,NA,NA,1,1,1,1,4,4,4,3,7,7,7,7,Strongly agree,6,5,1,1,1,25-34,Woman,No,3,HL,1,0,High,Low,1,3.75,7,5.5,1,0.8180894308943092
09/09/2026 03:35,09/09/2026 03:39,IP Address,100,235,TRUE,09/09/2026 03:39,R_2JDueCL9ZfR6GtH,NA,NA,NA,NA,anonymous,ZH-S,FL_EOS_ID,NA,I agree,Yes,Yes,Once a week,Yes,NA,NA,NA,Please confirm you have read the post before continuing.,1,1,1,1,4,4,4,4,7,7,7,7,Strongly agree,5,7,1,1,1,25-34,Man,No,2,LL,0,0,Low,Low,1,4,7,6,1,0.8180894308943092
09/09/2026 03:38,09/09/2026 03:40,IP Address,100,133,TRUE,09/09/2026 03:40,R_9mFDK3B2MZMdN3H,NA,NA,NA,NA,anonymous,ZH-S,FL_EOS_ID,NA,I agree,Yes,Yes,Daily,Yes,Please confirm you have read the post before continuing.,NA,NA,NA,2,2,4,2,4,4,3,4,5,5,5,7,Strongly agree,6,6,5,6,6,18-24,Woman,Yes,NA,HH,1,1,High,High,2.5,3.75,5.5,6,5.666666666666667,-0.6819105691056908
09/09/2026 03:40,09/09/2026 03:41,IP Address,100,87,TRUE,09/09/2026 03:41,R_9nYOQ0uH9KIc5Tr,NA,NA,NA,NA,anonymous,ZH-S,FL_EOS_ID,NA,I agree,Yes,Yes,Daily,Yes,NA,NA,Please confirm you have read the post before continuing.,NA,3,2,3,2,3,2,3,3,6,7,6,7,Strongly agree,2,6,2,3,2,25-34,Woman,Yes,5,LH,0,1,Low,High,2.5,2.75,6.5,4,2.3333333333333335,0.3180894308943092
09/09/2026 03:37,09/09/2026 03:41,IP Address,100,242,TRUE,09/09/2026 03:41,R_46mwSfgQ7ZntBXW,NA,NA,NA,NA,anonymous,EN,FL_EOS_ID,NA,I agree,Yes,Yes,Daily,Yes,NA,NA,NA,Please confirm you have read the post before continuing.,4,4,3,3,3,3,3,3,7,7,7,7,Strongly agree,5,7,3,3,3,25-34,Woman,Yes,2,LL,0,0,Low,Low,3.5,3,7,6,3,0.8180894308943092
09/09/2026 03:41,09/09/2026 03:42,IP Address,100,95,TRUE,09/09/2026 03:42,R_4mS71mwkADvSJPP,NA,NA,NA,NA,anonymous,ZH-S,FL_EOS_ID,NA,I agree,Yes,Yes,Daily,Yes,NA,NA,NA,Please confirm you have read the post before continuing.,4,5,5,6,2,2,4,4,6,7,6,7,Strongly agree,6,6,5,3,5,25-34,Man,Yes,4,LL,0,0,Low,Low,5,3,6.5,6,4.333333333333333,0.3180894308943092
09/09/2026 03:41,09/09/2026 03:44,IP Address,100,158,TRUE,09/09/2026 03:44,R_7i8VtP1L0wEEROV,NA,NA,NA,NA,anonymous,ZH-S,FL_EOS_ID,NA,I agree,Yes,Yes,Daily,Yes,NA,Please confirm you have read the post before continuing.,NA,NA,3,3,3,4,5,4,5,4,6,5,5,5,Strongly agree,5,5,3,3,3,25-34,Woman,Yes,4,HL,1,0,High,Low,3.25,4.5,5.25,5,3,-0.9319105691056908
09/09/2026 03:55,09/09/2026 03:58,IP Address,100,185,TRUE,09/09/2026 03:58,R_5vdMXCg5sim5lIJ,NA,NA,NA,NA,anonymous,ZH-S,FL_EOS_ID,NA,I agree,Yes,Yes,Daily,Yes,Please confirm you have read the post before continuing.,NA,NA,NA,6,7,7,7,5,4,6,5,5,7,6,6,Strongly agree,5,5,6,6,6,25-34,Woman,Yes,6,HH,1,1,High,High,6.75,5,6,5,6,-0.1819105691056908
09/09/2026 03:57,09/09/2026 03:59,IP Address,100,118,TRUE,09/09/2026 03:59,R_1CjlRT1vRtwcUi6,NA,NA,NA,NA,anonymous,ZH-S,FL_EOS_ID,NA,I agree,Yes,Yes,Daily,Yes,NA,NA,NA,Please confirm you have read the post before continuing.,3,3,3,2,2,2,2,2,6,6,6,6,Strongly agree,5,6,3,4,4,25-34,Man,Yes,2,LL,0,0,Low,Low,2.75,2,6,5.5,3.6666666666666665,-0.1819105691056908
09/09/2026 03:47,09/09/2026 04:03,IP Address,100,959,TRUE,09/09/2026 04:03,R_3fRWuoq486femHv,NA,NA,NA,NA,anonymous,ZH-S,FL_EOS_ID,NA,I agree,Yes,Yes,Daily,Yes,NA,NA,Please confirm you have read the post before continuing.,NA,7,7,7,7,7,7,7,7,7,7,7,7,Strongly agree,7,7,7,7,7,45 or above,Man,Yes,5,LH,0,1,Low,High,7,7,7,7,7,0.8180894308943092
09/09/2026 04:02,09/09/2026 04:05,IP Address,100,141,TRUE,09/09/2026 04:05,R_2qBA36YWZigBOZX,NA,NA,NA,NA,anonymous,ZH-S,FL_EOS_ID,NA,I agree,Yes,Yes,Daily,Yes,NA,Please confirm you have read the post before continuing.,NA,NA,2,2,3,4,1,1,2,2,7,7,6,7,Strongly agree,5,7,1,1,2,18-24,Woman,No,3,HL,1,0,High,Low,2.75,1.5,6.75,6,1.3333333333333333,0.5680894308943092
09/09/2026 04:05,09/09/2026 04:10,IP Address,100,292,TRUE,09/09/2026 04:10,R_1QWSAZLby7PhplH,NA,NA,NA,NA,anonymous,ZH-S,FL_EOS_ID,NA,I agree,Yes,Yes,Daily,Yes,NA,NA,NA,Please confirm you have read the post before continuing.,6,6,6,7,7,6,6,7,7,6,6,6,Strongly agree,7,7,7,7,7,45 or above,Woman,Yes,5,LL,0,0,Low,Low,6.25,6.5,6.25,7,7,0.06808943089430919
09/09/2026 04:11,09/09/2026 04:13,IP Address,100,112,TRUE,09/09/2026 04:13,R_5iP708no2GSKGR2,NA,NA,NA,NA,anonymous,ZH-S,FL_EOS_ID,NA,I agree,Yes,Yes,Daily,Yes,Please confirm you have read the post before continuing.,NA,NA,NA,6,6,6,6,6,6,6,6,7,7,7,7,Strongly agree,7,7,7,7,7,45 or above,Woman,Yes,5,HH,1,1,High,High,6,6,7,7,7,0.8180894308943092
09/09/2026 04:12,09/09/2026 04:13,IP Address,100,95,TRUE,09/09/2026 04:13,R_8ZF2DVB1zg34oZH,NA,NA,NA,NA,anonymous,ZH-S,FL_EOS_ID,NA,I agree,Yes,Yes,Daily,Yes,NA,Please confirm you have read the post before continuing.,NA,NA,4,3,5,4,3,3,4,3,6,6,6,6,Strongly agree,6,6,3,3,3,18-24,Woman,Yes,4,HL,1,0,High,Low,4,3.25,6,6,3,-0.1819105691056908
09/09/2026 04:02,09/09/2026 04:13,IP Address,100,655,TRUE,09/09/2026 04:13,R_9YmYaQwTqeFO6pX,NA,NA,NA,NA,anonymous,ZH-S,FL_EOS_ID,NA,I agree,Yes,Yes,Daily,Yes,Please confirm you have read the post before continuing.,NA,NA,NA,4,4,4,4,4,4,4,4,6,6,6,6,Strongly agree,4,4,4,4,4,25-34,Man,Not sure / Cannot remember,2,HH,1,1,High,High,4,4,6,4,4,-0.1819105691056908
09/09/2026 04:11,09/09/2026 04:15,IP Address,100,227,TRUE,09/09/2026 04:15,R_4Eg3AT5tYn64V4S,NA,NA,NA,NA,anonymous,ZH-S,FL_EOS_ID,NA,I agree,Yes,Yes,Daily,Yes,NA,Please confirm you have read the post before continuing.,NA,NA,3,3,5,4,2,2,2,2,6,6,5,6,Strongly agree,6,5,5,5,5,25-34,Woman,Not sure / Cannot remember,3,HL,1,0,High,Low,3.75,2,5.75,5.5,5,-0.4319105691056908
09/09/2026 04:13,09/09/2026 04:18,IP Address,100,290,TRUE,09/09/2026 04:18,R_7S0S2zTTRmey0rb,NA,NA,NA,NA,anonymous,ZH-S,FL_EOS_ID,NA,I agree,Yes,Yes,Daily,Yes,Please confirm you have read the post before continuing.,NA,NA,NA,7,7,7,7,7,7,7,7,7,7,7,7,Strongly agree,7,7,7,7,7,45 or above,Man,Yes,5,HH,1,1,High,High,7,7,7,7,7,0.8180894308943092
09/09/2026 04:19,09/09/2026 04:21,IP Address,100,81,TRUE,09/09/2026 04:21,R_4dzHvQxMOzaJYIa,NA,NA,NA,NA,anonymous,ZH-S,FL_EOS_ID,NA,I agree,Yes,Yes,Daily,Yes,NA,NA,NA,Please confirm you have read the post before continuing.,2,2,4,2,4,2,4,3,7,5,4,6,Strongly agree,5,2,4,4,4,25-34,Man,Yes,6,LL,0,0,Low,Low,2.5,3.25,5.5,3.5,4,-0.6819105691056908
09/09/2026 04:09,09/09/2026 04:22,IP Address,100,823,TRUE,09/09/2026 04:22,R_9LhVqG7FayFV6El,NA,NA,NA,NA,anonymous,ZH-S,FL_EOS_ID,NA,I agree,Yes,Yes,Daily,Yes,NA,NA,Please confirm you have read the post before continuing.,NA,4,4,4,4,4,4,4,4,5,6,5,6,Strongly agree,5,5,5,5,5,18-24,Woman,No,4,LH,0,1,Low,High,4,4,5.5,5,5,-0.6819105691056908
09/09/2026 04:27,09/09/2026 04:30,IP Address,100,197,TRUE,09/09/2026 04:30,R_428NxZlJ43rk8XK,NA,NA,NA,NA,anonymous,ZH-S,FL_EOS_ID,NA,I agree,Yes,Yes,Daily,Yes,NA,NA,Please confirm you have read the post before continuing.,NA,5,5,5,4,3,3,3,2,6,6,6,6,Strongly agree,3,3,6,5,5,25-34,Woman,Yes,7,LH,0,1,Low,High,4.75,2.75,6,3,5.333333333333333,-0.1819105691056908
09/09/2026 04:29,09/09/2026 04:30,IP Address,100,117,TRUE,09/09/2026 04:30,R_5PTRAypHQsfkY0l,NA,NA,NA,NA,anonymous,ZH-S,FL_EOS_ID,NA,I agree,Yes,Yes,Daily,Yes,Please confirm you have read the post before continuing.,NA,NA,NA,7,7,7,7,7,7,7,7,7,7,7,7,Strongly agree,7,7,7,7,7,45 or above,Woman,Yes,6,HH,1,1,High,High,7,7,7,7,7,0.8180894308943092
09/09/2026 04:31,09/09/2026 04:32,IP Address,100,87,TRUE,09/09/2026 04:32,R_3PSMQ1NFZK5PK06,NA,NA,NA,NA,anonymous,ZH-S,FL_EOS_ID,NA,I agree,Yes,Yes,Daily,Yes,NA,Please confirm you have read the post before continuing.,NA,NA,7,7,7,7,7,7,7,7,7,7,7,7,Strongly agree,7,7,7,7,7,45 or above,Woman,Yes,7,HL,1,0,High,Low,7,7,7,7,7,0.8180894308943092
09/09/2026 04:40,09/09/2026 04:41,IP Address,100,65,TRUE,09/09/2026 04:41,R_434yqiZvI6Ww4Jn,NA,NA,NA,NA,anonymous,EN,FL_EOS_ID,NA,I agree,Yes,Yes,Daily,Yes,Please confirm you have read the post before continuing.,NA,NA,NA,7,6,5,5,4,4,4,4,7,7,7,7,Strongly agree,7,7,6,5,7,18-24,Woman,Yes,6,HH,1,1,High,High,5.75,4,7,7,6,0.8180894308943092
09/09/2026 04:38,09/09/2026 04:41,IP Address,100,176,TRUE,09/09/2026 04:41,R_7k5S2kQp9yb1ZHW,NA,NA,NA,NA,anonymous,ZH-S,FL_EOS_ID,NA,I agree,Yes,Yes,Daily,Yes,NA,NA,NA,Please confirm you have read the post before continuing.,7,7,7,7,7,7,7,7,6,6,6,6,Strongly agree,6,7,7,7,7,35-44,Woman,Yes,5,LL,0,0,Low,Low,7,7,6,6.5,7,-0.1819105691056908
09/09/2026 04:39,09/09/2026 04:41,IP Address,100,134,TRUE,09/09/2026 04:41,R_73HlpEpv7ksZt6x,NA,NA,NA,NA,anonymous,ZH-S,FL_EOS_ID,NA,I agree,Yes,Yes,Daily,Yes,NA,NA,Please confirm you have read the post before continuing.,NA,7,7,7,7,7,7,7,7,7,7,7,7,Strongly agree,7,7,7,7,7,45 or above,Man,Yes,5,LH,0,1,Low,High,7,7,7,7,7,0.8180894308943092
09/09/2026 04:39,09/09/2026 04:41,IP Address,100,141,TRUE,09/09/2026 04:41,R_27W0HpdeQSC6HhH,NA,NA,NA,NA,anonymous,ZH-S,FL_EOS_ID,NA,I agree,Yes,Yes,Daily,Yes,NA,NA,Please confirm you have read the post before continuing.,NA,3,5,5,5,3,3,3,2,7,7,7,7,Strongly agree,5,6,5,5,5,25-34,Woman,No,1,LH,0,1,Low,High,4.5,2.75,7,5.5,5,0.8180894308943092
09/09/2026 04:47,09/09/2026 04:48,IP Address,100,65,TRUE,09/09/2026 04:48,R_9iEJ8LK8DEeX0KT,NA,NA,NA,NA,qr,ZH-S,FL_EOS_ID,NA,I agree,Yes,Yes,Daily,Yes,NA,Please confirm you have read the post before continuing.,NA,NA,3,2,3,4,5,4,2,3,7,7,7,7,Strongly agree,7,7,3,2,2,25-34,Woman,Yes,4,HL,1,0,High,Low,3,3.5,7,7,2.3333333333333335,0.8180894308943092
09/09/2026 04:57,09/09/2026 04:58,IP Address,100,67,TRUE,09/09/2026 04:58,R_4q2ZOKBuW853maQ,NA,NA,NA,NA,qr,ZH-S,FL_EOS_ID,NA,I agree,Yes,Yes,Daily,Yes,NA,NA,NA,Please confirm you have read the post before continuing.,2,1,3,3,3,2,3,2,2,1,2,2,Strongly agree,1,1,2,2,1,25-34,Woman,Yes,2,LL,0,0,Low,Low,2.25,2.5,1.75,1,1.6666666666666667,-4.431910569105691
09/09/2026 04:55,09/09/2026 04:59,IP Address,100,236,TRUE,09/09/2026 04:59,R_3m7IZCjVHvbD4rL,NA,NA,NA,NA,anonymous,ZH-S,FL_EOS_ID,NA,I agree,Yes,Yes,Daily,Yes,NA,NA,NA,Please confirm you have read the post before continuing.,7,6,7,6,6,6,6,6,6,6,7,6,Strongly agree,6,6,6,6,6,25-34,Woman,Not sure / Cannot remember,4,LL,0,0,Low,Low,6.5,6,6.25,6,6,0.06808943089430919
09/09/2026 05:01,09/09/2026 05:04,IP Address,100,200,TRUE,09/09/2026 05:04,R_9qDbkEv488XSiDn,NA,NA,NA,NA,anonymous,ZH-S,FL_EOS_ID,NA,I agree,Yes,Yes,Daily,Yes,NA,Please confirm you have read the post before continuing.,NA,NA,6,6,6,7,6,5,5,5,7,7,7,6,Strongly agree,5,7,7,6,7,25-34,Woman,Not sure / Cannot remember,4,HL,1,0,High,Low,6.25,5.25,6.75,6,6.666666666666667,0.5680894308943092
09/09/2026 05:00,09/09/2026 05:07,IP Address,100,428,TRUE,09/09/2026 05:07,R_3enuo5vwPYa7Qhb,NA,NA,NA,NA,anonymous,ZH-S,FL_EOS_ID,NA,I agree,Yes,Yes,Several times a week,Yes,NA,NA,Please confirm you have read the post before continuing.,NA,5,4,6,6,5,7,6,6,5,5,6,6,Strongly agree,6,7,7,7,7,25-34,Woman,Not sure / Cannot remember,4,LH,0,1,Low,High,5.25,6,5.5,6.5,7,-0.6819105691056908
09/09/2026 05:08,09/09/2026 05:11,IP Address,100,159,TRUE,09/09/2026 05:11,R_71aNBIiirJduuFw,NA,NA,NA,NA,anonymous,ZH-S,FL_EOS_ID,NA,I agree,Yes,Yes,Daily,Yes,NA,NA,Please confirm you have read the post before continuing.,NA,6,7,6,7,7,7,5,5,6,6,6,7,Strongly agree,5,5,6,7,7,25-34,Prefer not to say,Yes,5,LH,0,1,Low,High,6.5,6,6.25,5,6.666666666666667,0.06808943089430919
09/09/2026 05:15,09/09/2026 05:16,IP Address,100,85,TRUE,09/09/2026 05:16,R_9VyOUhqUC9xhsu5,NA,NA,NA,NA,anonymous,ZH-S,FL_EOS_ID,NA,I agree,Yes,Yes,Daily,Yes,NA,Please confirm you have read the post before continuing.,NA,NA,4,4,4,4,4,4,4,4,4,4,4,4,Strongly agree,4,4,4,4,4,25-34,Man,No,4,HL,1,0,High,Low,4,4,4,4,4,-2.181910569105691
09/09/2026 05:14,09/09/2026 05:18,IP Address,100,192,TRUE,09/09/2026 05:18,R_3rAg7TBHCkoTsSd,NA,NA,NA,NA,anonymous,ZH-S,FL_EOS_ID,NA,I agree,Yes,Yes,Daily,Yes,NA,Please confirm you have read the post before continuing.,NA,NA,6,6,6,6,6,7,6,6,6,6,6,6,Strongly agree,6,6,6,6,6,35-44,Woman,Yes,4,HL,1,0,High,Low,6,6.25,6,6,6,-0.1819105691056908
09/09/2026 05:15,09/09/2026 05:18,IP Address,100,174,TRUE,09/09/2026 05:18,R_4N4HVlks1CwKnPr,NA,NA,NA,NA,anonymous,ZH-S,FL_EOS_ID,NA,I agree,Yes,Yes,Daily,Yes,NA,NA,Please confirm you have read the post before continuing.,NA,3,5,5,5,3,3,4,4,7,7,7,7,Strongly agree,6,6,6,3,5,18-24,Woman,No,3,LH,0,1,Low,High,4.5,3.5,7,6,4.666666666666667,0.8180894308943092
09/09/2026 05:15,09/09/2026 05:19,IP Address,100,245,TRUE,09/09/2026 05:19,R_9U33guvxtVPlgiB,NA,NA,NA,NA,qr,ZH-S,FL_EOS_ID,NA,I agree,Yes,Yes,Daily,Yes,NA,NA,NA,Please confirm you have read the post before continuing.,7,7,7,7,6,7,6,7,6,6,7,7,Strongly agree,6,7,7,7,7,35-44,Woman,Yes,7,LL,0,0,Low,Low,7,6.5,6.5,6.5,7,0.3180894308943092
09/09/2026 05:17,09/09/2026 05:19,IP Address,100,141,TRUE,09/09/2026 05:19,R_6GxY0pt5zWlIdXg,NA,NA,NA,NA,anonymous,ZH-S,FL_EOS_ID,NA,I agree,Yes,Yes,Daily,Yes,Please confirm you have read the post before continuing.,NA,NA,NA,6,6,5,5,7,7,7,7,6,6,7,7,Strongly agree,6,7,7,7,7,25-34,Man,Yes,5,HH,1,1,High,High,5.5,7,6.5,6.5,7,0.3180894308943092
09/09/2026 05:00,09/09/2026 05:20,IP Address,100,1233,TRUE,09/09/2026 05:20,R_9I05qUm4KwpQtWq,NA,NA,NA,NA,anonymous,ZH-S,FL_EOS_ID,NA,I agree,Yes,Yes,Daily,Yes,Please confirm you have read the post before continuing.,NA,NA,NA,4,5,5,3,2,2,3,2,7,7,6,6,Strongly agree,7,7,4,4,5,25-34,Woman,Yes,4,HH,1,1,High,High,4.25,2.25,6.5,7,4.333333333333333,0.3180894308943092
09/09/2026 05:22,09/09/2026 05:23,IP Address,100,116,TRUE,09/09/2026 05:23,R_82EtbVZsq3itzKj,NA,NA,NA,NA,anonymous,ZH-S,FL_EOS_ID,NA,I agree,Yes,Yes,Daily,Yes,NA,NA,NA,Please confirm you have read the post before continuing.,3,3,4,3,2,2,3,4,6,7,7,7,Strongly agree,6,6,4,3,5,25-34,Man,Yes,4,LL,0,0,Low,Low,3.25,2.75,6.75,6,4,0.5680894308943092
09/09/2026 05:25,09/09/2026 05:27,IP Address,100,142,TRUE,09/09/2026 05:27,R_8OJPR4JMJjs4Rrk,NA,NA,NA,NA,anonymous,ZH-S,FL_EOS_ID,NA,I agree,Yes,Yes,Daily,Yes,NA,NA,Please confirm you have read the post before continuing.,NA,3,4,4,4,3,3,3,3,7,7,7,7,Strongly agree,7,7,4,4,4,25-34,Man,Yes,3,LH,0,1,Low,High,3.75,3,7,7,4,0.8180894308943092
09/09/2026 05:27,09/09/2026 05:30,IP Address,100,176,TRUE,09/09/2026 05:30,R_9NnA6lIuMewkybf,NA,NA,NA,NA,qr,ZH-S,FL_EOS_ID,NA,I agree,Yes,Yes,Daily,Yes,Please confirm you have read the post before continuing.,NA,NA,NA,7,7,7,7,7,7,7,7,7,7,7,7,Strongly agree,7,7,7,7,7,45 or above,Man,Yes,7,HH,1,1,High,High,7,7,7,7,7,0.8180894308943092
09/09/2026 05:14,09/09/2026 05:30,IP Address,100,967,TRUE,09/09/2026 05:30,R_9LvsMIvFDrs4bpU,NA,NA,NA,NA,qr,ZH-S,FL_EOS_ID,NA,I agree,Yes,Yes,Daily,Yes,Please confirm you have read the post before continuing.,NA,NA,NA,6,6,6,6,6,6,6,6,7,7,7,7,Strongly agree,7,7,7,7,7,45 or above,Woman,Yes,7,HH,1,1,High,High,6,6,7,7,7,0.8180894308943092
09/09/2026 05:26,09/09/2026 05:31,IP Address,100,256,TRUE,09/09/2026 05:31,R_9il9uMSnJb0H16x,NA,NA,NA,NA,qr,ZH-S,FL_EOS_ID,NA,I agree,Yes,Yes,Daily,Yes,NA,Please confirm you have read the post before continuing.,NA,NA,7,7,7,7,7,7,7,7,6,7,6,7,Strongly agree,7,6,7,7,6,45 or above,Woman,Yes,6,HL,1,0,High,Low,7,7,6.5,6.5,6.666666666666667,0.3180894308943092
09/09/2026 05:30,09/09/2026 05:33,IP Address,100,150,TRUE,09/09/2026 05:33,R_47jml3D3ERNSleP,NA,NA,NA,NA,anonymous,ZH-S,FL_EOS_ID,NA,I agree,Yes,Yes,Daily,Yes,Please confirm you have read the post before continuing.,NA,NA,NA,3,4,4,3,3,3,5,3,7,7,7,7,Strongly agree,6,6,4,4,4,25-34,Woman,Yes,5,HH,1,1,High,High,3.5,3.5,7,6,4,0.8180894308943092
09/09/2026 05:30,09/09/2026 05:34,IP Address,100,215,TRUE,09/09/2026 05:34,R_4P1iZx1GG5AmGY7,NA,NA,NA,NA,qr,ZH-S,FL_EOS_ID,NA,I agree,Yes,Yes,Daily,Yes,NA,NA,NA,Please confirm you have read the post before continuing.,7,7,7,7,7,7,7,7,7,7,7,7,Strongly agree,7,7,7,7,7,45 or above,Man,Yes,7,LL,0,0,Low,Low,7,7,7,7,7,0.8180894308943092
09/09/2026 05:37,09/09/2026 05:39,IP Address,100,142,TRUE,09/09/2026 05:39,R_4hhcukVW47qusnn,NA,NA,NA,NA,qr,ZH-S,FL_EOS_ID,NA,I agree,Yes,Yes,Daily,Yes,NA,NA,NA,Please confirm you have read the post before continuing.,4,4,5,5,4,4,4,4,6,6,5,5,Strongly agree,5,5,4,3,3,25-34,Woman,No,2,LL,0,0,Low,Low,4.5,4,5.5,5,3.3333333333333335,-0.6819105691056908
09/09/2026 05:33,09/09/2026 05:39,IP Address,100,370,TRUE,09/09/2026 05:39,R_4eylF16203lxsvV,NA,NA,NA,NA,anonymous,ZH-S,FL_EOS_ID,NA,I agree,Yes,Yes,Daily,Yes,NA,Please confirm you have read the post before continuing.,NA,NA,4,4,1,2,2,2,2,2,7,7,7,7,Strongly agree,7,7,3,4,4,35-44,Man,Yes,1,HL,1,0,High,Low,2.75,2,7,7,3.6666666666666665,0.8180894308943092
09/09/2026 05:39,09/09/2026 05:41,IP Address,100,104,TRUE,09/09/2026 05:41,R_8pnHHfnkDjqbYr1,NA,NA,NA,NA,qr,ZH-S,FL_EOS_ID,NA,I agree,Yes,Yes,Daily,Yes,Please confirm you have read the post before continuing.,NA,NA,NA,4,4,4,4,4,4,4,4,4,4,4,4,Strongly agree,4,4,4,4,4,35-44,Man,No,1,HH,1,1,High,High,4,4,4,4,4,-2.181910569105691
09/09/2026 05:38,09/09/2026 05:41,IP Address,100,188,TRUE,09/09/2026 05:41,R_9Bxp3j2dC39OUO5,NA,NA,NA,NA,qr,ZH-S,FL_EOS_ID,NA,I agree,Yes,Yes,Daily,Yes,NA,Please confirm you have read the post before continuing.,NA,NA,3,2,3,4,3,3,3,4,4,4,4,4,Strongly agree,4,4,4,4,4,25-34,Man,No,2,HL,1,0,High,Low,3,3.25,4,4,4,-2.181910569105691
09/09/2026 05:41,09/09/2026 05:43,IP Address,100,133,TRUE,09/09/2026 05:43,R_2gcqqjgDdCyh8iw,NA,NA,NA,NA,anonymous,ZH-S,FL_EOS_ID,NA,I agree,Yes,Yes,Daily,Yes,NA,NA,Please confirm you have read the post before continuing.,NA,6,6,6,6,6,6,6,6,6,6,6,6,Strongly agree,6,6,6,6,6,25-34,Woman,Yes,2,LH,0,1,Low,High,6,6,6,6,6,-0.1819105691056908
09/09/2026 05:43,09/09/2026 05:45,IP Address,100,113,TRUE,09/09/2026 05:45,R_32zNEbT5FbkQxFL,NA,NA,NA,NA,anonymous,ZH-S,FL_EOS_ID,NA,I agree,Yes,Yes,Daily,Yes,Please confirm you have read the post before continuing.,NA,NA,NA,7,7,7,7,7,5,7,7,7,7,7,7,Strongly agree,6,6,6,6,6,25-34,Woman,Yes,6,HH,1,1,High,High,7,6.5,7,6,6,0.8180894308943092
09/09/2026 05:43,09/09/2026 05:45,IP Address,100,126,TRUE,09/09/2026 05:45,R_61XTRnyE3iaR5vd,NA,NA,NA,NA,qr,ZH-S,FL_EOS_ID,NA,I agree,Yes,Yes,Daily,Yes,NA,NA,Please confirm you have read the post before continuing.,NA,5,6,5,5,5,6,6,6,5,5,5,4,Strongly agree,5,4,5,7,7,45 or above,Man,Yes,7,LH,0,1,Low,High,5.25,5.75,4.75,4.5,6.333333333333333,-1.4319105691056908
09/09/2026 05:46,09/09/2026 05:48,IP Address,100,111,TRUE,09/09/2026 05:48,R_4nrcAwQWi4kN8Ix,NA,NA,NA,NA,anonymous,ZH-S,FL_EOS_ID,NA,I agree,Yes,Yes,Daily,Yes,NA,NA,Please confirm you have read the post before continuing.,NA,1,1,6,1,1,1,1,1,7,7,7,7,Strongly agree,7,7,3,2,2,25-34,Woman,Yes,2,LH,0,1,Low,High,2.25,1,7,7,2.3333333333333335,0.8180894308943092
09/09/2026 05:46,09/09/2026 05:48,IP Address,100,104,TRUE,09/09/2026 05:48,R_5w1cDJH5TGyPlND,NA,NA,NA,NA,qr,ZH-S,FL_EOS_ID,NA,I agree,Yes,Yes,Daily,Yes,Please confirm you have read the post before continuing.,NA,NA,NA,1,7,7,7,7,7,7,7,7,7,7,7,Strongly agree,7,7,7,7,7,45 or above,Man,Yes,7,HH,1,1,High,High,5.5,7,7,7,7,0.8180894308943092
09/09/2026 05:41,09/09/2026 05:48,IP Address,100,425,TRUE,09/09/2026 05:48,R_7qIIke6A5MuSZVa,NA,NA,NA,NA,qr,ZH-S,FL_EOS_ID,NA,I agree,Yes,Yes,Daily,Yes,NA,NA,NA,Please confirm you have read the post before continuing.,2,4,5,4,4,5,3,3,7,6,6,5,Strongly agree,2,6,3,2,2,Prefer not to say,Woman,No,3,LL,0,0,Low,Low,3.75,3.75,6,4,2.3333333333333335,-0.1819105691056908
09/09/2026 05:43,09/09/2026 05:49,IP Address,100,328,TRUE,09/09/2026 05:49,R_9sbOe1pBUyfxAeM,NA,NA,NA,NA,qr,ZH-S,FL_EOS_ID,NA,I agree,Yes,Yes,Daily,Yes,NA,Please confirm you have read the post before continuing.,NA,NA,6,6,6,6,6,6,6,6,6,6,6,6,Strongly agree,4,4,4,4,4,45 or above,Woman,Not sure / Cannot remember,4,HL,1,0,High,Low,6,6,6,4,4,-0.1819105691056908
09/09/2026 05:46,09/09/2026 05:49,IP Address,100,153,TRUE,09/09/2026 05:49,R_2tuONXCPQ2W0xWN,NA,NA,NA,NA,anonymous,ZH-S,FL_EOS_ID,NA,I agree,Yes,Yes,Daily,Yes,Please confirm you have read the post before continuing.,NA,NA,NA,1,1,3,2,4,4,5,4,7,7,4,7,Strongly agree,7,7,2,4,4,25-34,Woman,Not sure / Cannot remember,4,HH,1,1,High,High,1.75,4.25,6.25,7,3.3333333333333335,0.06808943089430919
09/09/2026 05:47,09/09/2026 05:49,IP Address,100,126,TRUE,09/09/2026 05:49,R_4cgq8VhrI2R3Iel,NA,NA,NA,NA,qr,ZH-S,FL_EOS_ID,NA,I agree,Yes,Yes,Daily,Yes,NA,NA,Please confirm you have read the post before continuing.,NA,1,7,7,7,7,7,7,7,7,7,7,7,Strongly agree,7,7,7,7,7,18-24,Woman,Yes,7,LH,0,1,Low,High,5.5,7,7,7,7,0.8180894308943092
09/09/2026 05:49,09/09/2026 05:50,IP Address,100,90,TRUE,09/09/2026 05:50,R_3jJMiuqYaJRLIOt,NA,NA,NA,NA,qr,ZH-S,FL_EOS_ID,NA,I agree,Yes,Yes,Daily,Yes,Please confirm you have read the post before continuing.,NA,NA,NA,2,2,2,2,3,3,3,3,5,5,5,5,Strongly agree,5,5,5,5,5,18-24,Woman,Yes,3,HH,1,1,High,High,2,3,5,5,5,-1.1819105691056908
09/09/2026 05:47,09/09/2026 05:50,IP Address,100,218,TRUE,09/09/2026 05:50,R_4ZCxiReGsLJSJnr,NA,NA,NA,NA,qr,ZH-S,FL_EOS_ID,NA,I agree,Yes,Yes,Daily,Yes,NA,NA,NA,Please confirm you have read the post before continuing.,6,4,5,5,4,2,3,4,6,6,6,5,Strongly agree,4,6,6,5,5,45 or above,Man,No,3,LL,0,0,Low,Low,5,3.25,5.75,5,5.333333333333333,-0.4319105691056908
09/09/2026 05:49,09/09/2026 05:51,IP Address,100,173,TRUE,09/09/2026 05:51,R_4hZqHo2XHSzrGC4,NA,NA,NA,NA,qr,ZH-S,FL_EOS_ID,NA,I agree,Yes,Yes,Daily,Yes,NA,NA,NA,Please confirm you have read the post before continuing.,2,2,2,2,6,7,6,6,3,6,7,3,Strongly agree,1,1,1,1,1,25-34,Woman,Yes,2,LL,0,0,Low,Low,2,6.25,4.75,1,1,-1.4319105691056908
09/09/2026 05:42,09/09/2026 05:53,IP Address,100,707,TRUE,09/09/2026 05:53,R_3GvOW06tKZ9nz1h,NA,NA,NA,NA,qr,ZH-S,FL_EOS_ID,NA,I agree,Yes,Yes,Daily,Yes,NA,Please confirm you have read the post before continuing.,NA,NA,5,5,2,5,2,2,2,2,6,6,6,6,Strongly agree,6,6,3,2,2,25-34,Woman,Not sure / Cannot remember,1,HL,1,0,High,Low,4.25,2,6,6,2.3333333333333335,-0.1819105691056908
09/09/2026 05:51,09/09/2026 05:55,IP Address,100,253,TRUE,09/09/2026 05:55,R_4GcFrUilBcGhHaN,NA,NA,NA,NA,anonymous,ZH-S,FL_EOS_ID,NA,I agree,Yes,Yes,Daily,Yes,NA,Please confirm you have read the post before continuing.,NA,NA,1,2,2,2,2,3,2,2,7,7,6,7,Strongly agree,5,5,3,2,2,25-34,Woman,Yes,4,HL,1,0,High,Low,1.75,2.25,6.75,5,2.3333333333333335,0.5680894308943092
09/09/2026 05:54,09/09/2026 05:56,IP Address,100,113,TRUE,09/09/2026 05:56,R_46gRqPnkrVFQZY7,NA,NA,NA,NA,anonymous,ZH-S,FL_EOS_ID,NA,I agree,Yes,Yes,Daily,Yes,NA,NA,NA,Please confirm you have read the post before continuing.,5,5,3,3,1,1,1,1,6,6,7,6,Strongly agree,6,6,5,5,5,18-24,Man,Yes,3,LL,0,0,Low,Low,4,1,6.25,6,5,0.06808943089430919
09/09/2026 05:54,09/09/2026 05:57,IP Address,100,190,TRUE,09/09/2026 05:57,R_4lmbovSEEYInakp,NA,NA,NA,NA,qr,ZH-S,FL_EOS_ID,NA,I agree,Yes,Yes,Daily,Yes,NA,NA,Please confirm you have read the post before continuing.,NA,4,4,5,4,4,4,4,4,5,6,4,4,Strongly agree,4,4,4,4,4,18-24,Prefer not to say,No,6,LH,0,1,Low,High,4.25,4,4.75,4,4,-1.4319105691056908
09/09/2026 05:56,09/09/2026 06:00,IP Address,100,281,TRUE,09/09/2026 06:00,R_7EC52lHd4hgtUdz,NA,NA,NA,NA,qr,ZH-S,FL_EOS_ID,NA,I agree,Yes,Yes,Daily,Yes,NA,Please confirm you have read the post before continuing.,NA,NA,4,4,4,4,4,4,4,4,4,4,4,4,Strongly agree,4,4,4,4,4,35-44,Woman,No,4,HL,1,0,High,Low,4,4,4,4,4,-2.181910569105691
09/09/2026 05:59,09/09/2026 06:01,IP Address,100,113,TRUE,09/09/2026 06:01,R_7LZlVuSvz3xRstQ,NA,NA,NA,NA,anonymous,ZH-S,FL_EOS_ID,NA,I agree,Yes,Yes,Daily,Yes,Please confirm you have read the post before continuing.,NA,NA,NA,6,6,6,6,6,7,6,7,7,7,7,7,Strongly agree,5,6,6,7,7,18-24,Man,Yes,5,HH,1,1,High,High,6,6.5,7,5.5,6.666666666666667,0.8180894308943092
09/09/2026 06:02,09/09/2026 06:03,IP Address,100,100,TRUE,09/09/2026 06:03,R_1EZioX20P870g0N,NA,NA,NA,NA,anonymous,ZH-S,FL_EOS_ID,NA,I agree,Yes,Yes,Daily,Yes,NA,NA,Please confirm you have read the post before continuing.,NA,7,5,6,7,6,6,7,7,6,6,7,7,Strongly agree,6,7,7,6,6,25-34,Woman,Yes,6,LH,0,1,Low,High,6.25,6.5,6.5,6.5,6.333333333333333,0.3180894308943092
09/09/2026 05:44,09/09/2026 06:04,IP Address,100,1189,TRUE,09/09/2026 06:04,R_4Xj4rvtwNiVVcDk,NA,NA,NA,NA,anonymous,ZH-S,FL_EOS_ID,NA,I agree,Yes,Yes,Daily,Yes,NA,NA,Please confirm you have read the post before continuing.,NA,1,2,3,2,1,2,4,3,7,7,7,7,Strongly agree,3,4,3,4,2,18-24,Woman,No,5,LH,0,1,Low,High,2,2.5,7,3.5,3,0.8180894308943092
09/09/2026 06:05,09/09/2026 06:09,IP Address,100,206,TRUE,09/09/2026 06:09,R_41dtUYDr3bzTBGI,NA,NA,NA,NA,anonymous,ZH-S,FL_EOS_ID,NA,I agree,Yes,Yes,Daily,Yes,NA,NA,NA,Please confirm you have read the post before continuing.,6,7,7,6,7,6,6,6,6,7,7,7,Strongly agree,7,7,7,7,6,45 or above,Woman,Yes,6,LL,0,0,Low,Low,6.5,6.25,6.75,7,6.666666666666667,0.5680894308943092
09/09/2026 06:09,09/09/2026 06:11,IP Address,100,116,TRUE,09/09/2026 06:11,R_168CG2yQPAsGBqn,NA,NA,NA,NA,anonymous,ZH-S,FL_EOS_ID,NA,I agree,Yes,Yes,Daily,Yes,NA,Please confirm you have read the post before continuing.,NA,NA,7,7,5,5,6,7,5,5,7,7,7,7,Strongly agree,6,6,6,6,7,25-34,Woman,Yes,7,HL,1,0,High,Low,6,5.75,7,6,6.333333333333333,0.8180894308943092
09/09/2026 06:10,09/09/2026 06:11,IP Address,100,110,TRUE,09/09/2026 06:11,R_3b41jVvR6HDxWjK,NA,NA,NA,NA,anonymous,ZH-S,FL_EOS_ID,NA,I agree,Yes,Yes,Daily,Yes,NA,NA,NA,Please confirm you have read the post before continuing.,7,6,6,6,7,6,6,6,7,7,6,6,Strongly agree,7,6,6,6,7,25-34,Woman,Yes,5,LL,0,0,Low,Low,6.25,6.25,6.5,6.5,6.333333333333333,0.3180894308943092
09/09/2026 06:17,09/09/2026 06:18,IP Address,100,101,TRUE,09/09/2026 06:18,R_43CZSkm1vUoPbhL,NA,NA,NA,NA,anonymous,ZH-S,FL_EOS_ID,NA,I agree,Yes,Yes,Daily,Yes,NA,NA,Please confirm you have read the post before continuing.,NA,7,6,7,7,4,3,3,3,5,5,4,2,Strongly agree,3,3,5,5,6,18-24,Man,Yes,6,LH,0,1,Low,High,6.75,3.25,4,3,5.333333333333333,-2.181910569105691
09/09/2026 06:19,09/09/2026 06:22,IP Address,100,163,TRUE,09/09/2026 06:22,R_1hfhBi4HQIkSlIA,NA,NA,NA,NA,anonymous,ZH-S,FL_EOS_ID,NA,I agree,Yes,Yes,Daily,Yes,NA,NA,Please confirm you have read the post before continuing.,NA,6,6,6,6,7,7,7,5,6,6,6,6,Strongly agree,6,6,7,7,5,25-34,Woman,Yes,7,LH,0,1,Low,High,6,6.5,6,6,6.333333333333333,-0.1819105691056908
09/09/2026 06:18,09/09/2026 06:22,IP Address,100,235,TRUE,09/09/2026 06:22,R_3wBjzkbXiO6XYgI,NA,NA,NA,NA,qr,ZH-S,FL_EOS_ID,NA,I agree,Yes,Yes,Daily,Yes,NA,Please confirm you have read the post before continuing.,NA,NA,4,4,2,4,2,4,4,4,6,6,6,6,Strongly agree,6,6,4,2,3,35-44,Woman,No,4,HL,1,0,High,Low,3.5,3.5,6,6,3,-0.1819105691056908
09/09/2026 05:39,09/09/2026 06:23,IP Address,100,2640,TRUE,09/09/2026 06:23,R_4EEGC0obZFGJjUJ,NA,NA,NA,NA,qr,ZH-S,FL_EOS_ID,NA,I agree,Yes,Yes,Daily,Yes,NA,NA,NA,Please confirm you have read the post before continuing.,6,5,6,6,6,6,6,6,6,6,6,6,Strongly agree,6,6,7,6,6,45 or above,Woman,No,6,LL,0,0,Low,Low,5.75,6,6,6,6.333333333333333,-0.1819105691056908
09/09/2026 05:53,09/09/2026 06:26,IP Address,100,1988,TRUE,09/09/2026 06:26,R_4s0CC77zPAqnEIq,NA,NA,NA,NA,anonymous,ZH-S,FL_EOS_ID,NA,I agree,Yes,Yes,Daily,Yes,Please confirm you have read the post before continuing.,NA,NA,NA,2,3,4,2,4,3,3,3,5,5,5,4,Strongly agree,5,5,2,5,3,18-24,Woman,Yes,3,HH,1,1,High,High,2.75,3.25,4.75,5,3.3333333333333335,-1.4319105691056908
09/09/2026 06:30,09/09/2026 06:32,IP Address,100,125,TRUE,09/09/2026 06:32,R_1viXmEEGh0w6CrP,NA,NA,NA,NA,anonymous,ZH-S,FL_EOS_ID,NA,I agree,Yes,Yes,Daily,Yes,NA,NA,Please confirm you have read the post before continuing.,NA,2,3,3,1,1,1,1,1,5,5,4,5,Strongly agree,5,4,3,3,3,25-34,Woman,Yes,2,LH,0,1,Low,High,2.25,1,4.75,4.5,3,-1.4319105691056908
09/09/2026 06:32,09/09/2026 06:34,IP Address,100,103,TRUE,09/09/2026 06:34,R_9CK4jo8DQmO2SnH,NA,NA,NA,NA,anonymous,ZH-S,FL_EOS_ID,NA,I agree,Yes,Yes,Daily,Yes,NA,Please confirm you have read the post before continuing.,NA,NA,4,4,4,4,4,4,4,4,4,4,4,4,Strongly agree,4,4,4,4,4,Prefer not to say,Woman,Not sure / Cannot remember,4,HL,1,0,High,Low,4,4,4,4,4,-2.181910569105691
09/09/2026 06:36,09/09/2026 06:38,IP Address,100,125,TRUE,09/09/2026 06:38,R_4vPiyv86h9qaxMd,NA,NA,NA,NA,anonymous,ZH-S,FL_EOS_ID,NA,I agree,Yes,Yes,Daily,Yes,Please confirm you have read the post before continuing.,NA,NA,NA,5,5,4,5,2,6,2,2,6,6,6,6,Strongly agree,4,5,6,6,6,18-24,Man,Yes,2,HH,1,1,High,High,4.75,3,6,4.5,6,-0.1819105691056908
09/09/2026 05:42,09/09/2026 06:43,IP Address,100,3657,TRUE,09/09/2026 06:43,R_9mRHk8BvXvH0CWc,NA,NA,NA,NA,anonymous,ZH-S,FL_EOS_ID,NA,I agree,Yes,Yes,Daily,Yes,NA,NA,NA,Please confirm you have read the post before continuing.,6,6,6,6,6,6,6,6,6,6,6,6,Strongly agree,6,6,6,6,6,Prefer not to say,Woman,Not sure / Cannot remember,4,LL,0,0,Low,Low,6,6,6,6,6,-0.1819105691056908
09/09/2026 06:43,09/09/2026 06:46,IP Address,100,184,TRUE,09/09/2026 06:46,R_8ExJKWGZJh7u0VR,NA,NA,NA,NA,anonymous,ZH-S,FL_EOS_ID,NA,I agree,Yes,Yes,Daily,Yes,NA,NA,Please confirm you have read the post before continuing.,NA,5,5,5,5,2,2,2,2,7,7,7,7,Strongly agree,7,7,5,5,5,35-44,Man,Yes,1,LH,0,1,Low,High,5,2,7,7,5,0.8180894308943092
09/09/2026 06:47,09/09/2026 06:51,IP Address,100,266,TRUE,09/09/2026 06:51,R_4AlxWTt4qzmROx3,NA,NA,NA,NA,anonymous,ZH-S,FL_EOS_ID,NA,I agree,Yes,Yes,Daily,Yes,Please confirm you have read the post before continuing.,NA,NA,NA,5,6,5,6,5,5,6,5,6,7,5,5,Strongly agree,5,6,5,5,5,45 or above,Woman,Yes,3,HH,1,1,High,High,5.5,5.25,5.75,5.5,5,-0.4319105691056908
09/09/2026 06:42,09/09/2026 06:59,IP Address,100,1002,TRUE,09/09/2026 06:59,R_97lHG90xVjZJygs,NA,NA,NA,NA,qr,ZH-S,FL_EOS_ID,NA,I agree,Yes,Yes,Daily,Yes,NA,NA,NA,Please confirm you have read the post before continuing.,4,4,2,2,4,3,3,3,6,7,6,6,Strongly agree,6,6,4,2,4,45 or above,Woman,Yes,1,LL,0,0,Low,Low,3,3.25,6.25,6,3.3333333333333335,0.06808943089430919
09/09/2026 06:58,09/09/2026 06:59,IP Address,100,80,TRUE,09/09/2026 06:59,R_2BWeOyzfNOi44Fz,NA,NA,NA,NA,anonymous,EN,FL_EOS_ID,NA,I agree,Yes,Yes,Daily,Yes,NA,Please confirm you have read the post before continuing.,NA,NA,2,3,2,1,3,2,3,1,7,7,7,7,Strongly agree,7,7,2,1,2,18-24,Woman,Yes,3,HL,1,0,High,Low,2,2.25,7,7,1.6666666666666667,0.8180894308943092
09/09/2026 06:56,09/09/2026 06:59,IP Address,100,201,TRUE,09/09/2026 06:59,R_9cb1BdKP1S7gPbX,NA,NA,NA,NA,anonymous,ZH-S,FL_EOS_ID,NA,I agree,Yes,Yes,Daily,Yes,Please confirm you have read the post before continuing.,NA,NA,NA,3,2,5,5,3,2,5,5,7,7,3,7,Strongly agree,7,4,5,3,5,25-34,Woman,Yes,5,HH,1,1,High,High,3.75,3.75,6,5.5,4.333333333333333,-0.1819105691056908
09/09/2026 06:54,09/09/2026 07:00,IP Address,100,327,TRUE,09/09/2026 07:00,R_4n8W0StUWgHBZcC,NA,NA,NA,NA,qr,ZH-S,FL_EOS_ID,NA,I agree,Yes,Yes,Daily,Yes,NA,NA,Please confirm you have read the post before continuing.,NA,6,6,6,6,5,6,6,6,6,6,6,6,Strongly agree,6,6,6,6,6,45 or above,Woman,Not sure / Cannot remember,5,LH,0,1,Low,High,6,5.75,6,6,6,-0.1819105691056908
09/09/2026 07:01,09/09/2026 07:02,IP Address,100,82,TRUE,09/09/2026 07:02,R_4xGcNNdM8d6yzon,NA,NA,NA,NA,anonymous,EN,FL_EOS_ID,NA,I agree,Yes,Yes,Daily,Yes,NA,NA,NA,Please confirm you have read the post before continuing.,2,1,3,3,2,1,3,2,3,2,5,1,Strongly agree,1,1,3,3,2,18-24,Woman,Yes,5,LL,0,0,Low,Low,2.25,2,2.75,1,2.6666666666666665,-3.431910569105691
09/09/2026 06:59,09/09/2026 07:04,IP Address,100,293,TRUE,09/09/2026 07:04,R_83dah0sqM2nP2nH,NA,NA,NA,NA,qr,ZH-S,FL_EOS_ID,NA,I agree,Yes,Yes,Daily,Yes,Please confirm you have read the post before continuing.,NA,NA,NA,2,2,3,2,3,3,3,3,5,5,5,5,Strongly agree,5,5,5,5,5,45 or above,Man,No,1,HH,1,1,High,High,2.25,3,5,5,5,-1.1819105691056908
09/09/2026 07:05,09/09/2026 07:06,IP Address,100,79,TRUE,09/09/2026 07:06,R_9HkSAxSbeEvdIte,NA,NA,NA,NA,anonymous,EN,FL_EOS_ID,NA,I agree,Yes,Yes,Daily,Yes,NA,Please confirm you have read the post before continuing.,NA,NA,2,1,2,2,3,2,3,3,7,7,7,7,Strongly agree,7,7,3,2,3,18-24,Woman,Yes,3,HL,1,0,High,Low,1.75,2.75,7,7,2.6666666666666665,0.8180894308943092
09/09/2026 07:31,09/09/2026 07:36,IP Address,100,287,TRUE,09/09/2026 07:36,R_48HkwYVIo1VNXAl,NA,NA,NA,NA,qr,ZH-S,FL_EOS_ID,NA,I agree,Yes,Yes,Daily,Yes,Please confirm you have read the post before continuing.,NA,NA,NA,6,6,5,5,5,5,5,5,4,4,4,4,Strongly agree,4,4,4,4,4,Prefer not to say,Prefer not to say,Not sure / Cannot remember,2,HH,1,1,High,High,5.5,5,4,4,4,-2.181910569105691
09/09/2026 07:45,09/09/2026 07:48,IP Address,100,138,TRUE,09/09/2026 07:48,R_4GksNeOZbXnCQKn,NA,NA,NA,NA,qr,EN,FL_EOS_ID,NA,I agree,Yes,Yes,Daily,Yes,NA,Please confirm you have read the post before continuing.,NA,NA,3,3,3,3,3,3,3,2,6,6,6,7,Strongly agree,7,6,2,2,2,25-34,Woman,Yes,5,HL,1,0,High,Low,3,2.75,6.25,6.5,2,0.06808943089430919
09/09/2026 07:54,09/09/2026 07:56,IP Address,100,110,TRUE,09/09/2026 07:56,R_9fZTWkGIsWLywTs,NA,NA,NA,NA,qr,ZH-S,FL_EOS_ID,NA,I agree,Yes,Yes,Daily,Yes,NA,NA,Please confirm you have read the post before continuing.,NA,5,5,4,6,5,5,5,6,7,7,7,7,Strongly agree,6,6,6,6,6,25-34,Woman,Yes,4,LH,0,1,Low,High,5,5.25,7,6,6,0.8180894308943092
09/09/2026 08:03,09/09/2026 08:06,IP Address,100,223,TRUE,09/09/2026 08:06,R_2QS67Pzeafc3dQM,NA,NA,NA,NA,qr,ZH-S,FL_EOS_ID,NA,I agree,Yes,Yes,Daily,Yes,NA,NA,NA,Please confirm you have read the post before continuing.,1,1,1,1,1,1,1,1,7,7,7,7,Strongly agree,7,7,7,7,7,35-44,Non-binary,Yes,7,LL,0,0,Low,Low,1,1,7,7,7,0.8180894308943092
09/09/2026 08:20,09/09/2026 08:21,IP Address,100,113,TRUE,09/09/2026 08:21,R_4HXGkN9xoe1iGWT,NA,NA,NA,NA,qr,ZH-S,FL_EOS_ID,NA,I agree,Yes,Yes,Daily,Yes,NA,Please confirm you have read the post before continuing.,NA,NA,4,4,4,4,3,4,4,4,7,7,7,7,Strongly agree,7,7,5,3,3,25-34,Man,Yes,5,HL,1,0,High,Low,4,3.75,7,7,3.6666666666666665,0.8180894308943092
09/09/2026 08:28,09/09/2026 08:36,IP Address,100,458,TRUE,09/09/2026 08:36,R_2HS0Q4pcfP84SHO,NA,NA,NA,NA,anonymous,EN,FL_EOS_ID,NA,I agree,Yes,Yes,Daily,Yes,Please confirm you have read the post before continuing.,NA,NA,NA,7,5,5,3,6,5,6,6,7,7,7,7,Strongly agree,7,7,7,5,6,25-34,Woman,Yes,6,HH,1,1,High,High,5,5.75,7,7,6,0.8180894308943092
09/09/2026 08:37,09/09/2026 08:42,IP Address,100,338,TRUE,09/09/2026 08:42,R_52o9KOm1qnTEbsW,NA,NA,NA,NA,qr,ZH-S,FL_EOS_ID,NA,I agree,Yes,Yes,Daily,Yes,NA,Please confirm you have read the post before continuing.,NA,NA,4,4,2,4,2,2,2,2,6,6,6,6,Strongly agree,6,6,2,2,2,35-44,Woman,No,2,HL,1,0,High,Low,3.5,2,6,6,2,-0.1819105691056908
09/09/2026 07:52,09/09/2026 08:43,IP Address,100,3048,TRUE,09/09/2026 08:43,R_9Vgo1ch8WFJHeTA,NA,NA,NA,NA,qr,ZH-S,FL_EOS_ID,NA,I agree,Yes,Yes,Several times a week,Yes,Please confirm you have read the post before continuing.,NA,NA,NA,7,7,7,7,7,7,7,7,7,7,7,7,Strongly agree,7,7,7,7,7,45 or above,Woman,Not sure / Cannot remember,4,HH,1,1,High,High,7,7,7,7,7,0.8180894308943092
09/09/2026 08:40,09/09/2026 08:45,IP Address,100,299,TRUE,09/09/2026 08:45,R_9lRXS6WbS6Hf2AB,NA,NA,NA,NA,qr,ZH-S,FL_EOS_ID,NA,I agree,Yes,Yes,Daily,Yes,NA,NA,Please confirm you have read the post before continuing.,NA,4,4,4,4,4,4,5,4,6,6,6,5,Strongly agree,4,5,4,4,4,18-24,Man,Yes,4,LH,0,1,Low,High,4,4.25,5.75,4.5,4,-0.4319105691056908
09/09/2026 08:42,09/09/2026 08:46,IP Address,100,214,TRUE,09/09/2026 08:46,R_816NxnuXOw9AMsr,NA,NA,NA,NA,anonymous,EN,FL_EOS_ID,NA,I agree,Yes,Yes,Several times a week,Yes,NA,NA,NA,Please confirm you have read the post before continuing.,3,3,3,3,3,2,2,2,6,6,6,5,Strongly agree,1,1,3,2,2,45 or above,Woman,Yes,7,LL,0,0,Low,Low,3,2.25,5.75,1,2.3333333333333335,-0.4319105691056908
09/09/2026 08:46,09/09/2026 08:47,IP Address,100,85,TRUE,09/09/2026 08:47,R_6gcQITh5cpyAuQN,NA,NA,NA,NA,anonymous,ZH-S,FL_EOS_ID,NA,I agree,Yes,Yes,Daily,Yes,NA,NA,NA,Please confirm you have read the post before continuing.,2,2,4,4,1,1,1,4,7,7,7,7,Strongly agree,6,7,3,1,4,25-34,Woman,Not sure / Cannot remember,2,LL,0,0,Low,Low,3,1.75,7,6.5,2.6666666666666665,0.8180894308943092
09/09/2026 09:00,09/09/2026 09:02,IP Address,100,149,TRUE,09/09/2026 09:02,R_97rmHJv8agjaBu4,NA,NA,NA,NA,anonymous,ZH-S,FL_EOS_ID,NA,I agree,Yes,Yes,Daily,Yes,Please confirm you have read the post before continuing.,NA,NA,NA,5,5,5,5,3,3,4,4,7,7,6,7,Strongly agree,7,7,5,4,5,25-34,Woman,Yes,7,HH,1,1,High,High,5,3.5,6.75,7,4.666666666666667,0.5680894308943092
09/09/2026 09:27,09/09/2026 09:30,IP Address,100,130,TRUE,09/09/2026 09:30,R_9yK2sjxbveTlXTr,NA,NA,NA,NA,anonymous,ZH-S,FL_EOS_ID,NA,I agree,Yes,Yes,Daily,Yes,NA,Please confirm you have read the post before continuing.,NA,NA,4,4,3,3,2,2,2,2,7,7,5,7,Strongly agree,7,7,2,2,1,25-34,Woman,No,3,HL,1,0,High,Low,3.5,2,6.5,7,1.6666666666666667,0.3180894308943092
09/09/2026 09:29,09/09/2026 09:37,IP Address,100,439,TRUE,09/09/2026 09:37,R_996X5JrhCB1ICrq,NA,NA,NA,NA,qr,ZH-S,FL_EOS_ID,NA,I agree,Yes,Yes,Daily,Yes,NA,NA,NA,Please confirm you have read the post before continuing.,2,2,2,2,2,2,5,6,6,6,6,6,Strongly agree,6,6,5,2,2,45 or above,Man,Yes,4,LL,0,0,Low,Low,2,3.75,6,6,3,-0.1819105691056908
09/09/2026 10:00,09/09/2026 10:01,IP Address,100,72,TRUE,09/09/2026 10:01,R_4R1x9h9tk8VkPyU,NA,NA,NA,NA,anonymous,EN,FL_EOS_ID,NA,I agree,Yes,Yes,Daily,Yes,Please confirm you have read the post before continuing.,NA,NA,NA,7,6,6,7,5,6,6,5,7,7,7,7,Strongly agree,7,7,6,6,7,25-34,Woman,Yes,5,HH,1,1,High,High,6.5,5.5,7,7,6.333333333333333,0.8180894308943092
09/09/2026 13:00,09/09/2026 13:03,IP Address,100,189,TRUE,09/09/2026 13:03,R_2OYVissxPnBzSid,NA,NA,NA,NA,anonymous,EN,FL_EOS_ID,NA,I agree,Yes,Yes,Daily,Yes,NA,NA,Please confirm you have read the post before continuing.,NA,5,4,5,5,2,2,2,2,7,7,7,7,Strongly agree,2,2,5,3,5,25-34,Woman,Yes,4,LH,0,1,Low,High,4.75,2,7,2,4.333333333333333,0.8180894308943092
09/09/2026 13:16,09/09/2026 13:18,IP Address,100,114,TRUE,09/09/2026 13:18,R_1pXEHkc3ZwsJ9ZW,NA,NA,NA,NA,anonymous,EN,FL_EOS_ID,NA,I agree,Yes,Yes,Daily,Yes,NA,Please confirm you have read the post before continuing.,NA,NA,4,3,4,4,5,4,4,4,7,7,7,7,Strongly agree,7,7,3,1,1,25-34,Woman,No,5,HL,1,0,High,Low,3.75,4.25,7,7,1.6666666666666667,0.8180894308943092
09/09/2026 15:15,09/09/2026 15:17,IP Address,100,158,TRUE,09/09/2026 15:17,R_9PaYTxoxMj9Dtkt,NA,NA,NA,NA,anonymous,ZH-S,FL_EOS_ID,NA,I agree,Yes,Yes,Daily,Yes,NA,NA,Please confirm you have read the post before continuing.,NA,5,5,6,6,6,4,4,4,5,5,5,5,Strongly agree,5,5,6,6,5,25-34,Woman,Yes,3,LH,0,1,Low,High,5.5,4.5,5,5,5.666666666666667,-1.1819105691056908
09/09/2026 16:13,09/09/2026 16:17,IP Address,100,207,TRUE,09/09/2026 16:17,R_7sztfXAPemskvfx,NA,NA,NA,NA,anonymous,EN,FL_EOS_ID,NA,I agree,Yes,Yes,Daily,Yes,NA,Please confirm you have read the post before continuing.,NA,NA,1,1,1,1,1,1,1,1,6,6,6,6,Strongly agree,5,6,1,1,1,25-34,Man,No,1,HL,1,0,High,Low,1,1,6,5.5,1,-0.1819105691056908
09/09/2026 16:29,09/09/2026 16:31,IP Address,100,122,TRUE,09/09/2026 16:31,R_6Sc8jIbS9T8FaRO,NA,NA,NA,NA,anonymous,ZH-S,FL_EOS_ID,NA,I agree,Yes,Yes,Several times a week,Yes,Please confirm you have read the post before continuing.,NA,NA,NA,7,6,6,7,7,6,6,7,7,6,6,6,Strongly agree,7,6,7,7,7,18-24,Woman,Yes,6,HH,1,1,High,High,6.5,6.5,6.25,6.5,7,0.06808943089430919
09/09/2026 16:33,09/09/2026 16:35,IP Address,100,141,TRUE,09/09/2026 16:35,R_7E7eHK7kC17Sw4f,NA,NA,NA,NA,anonymous,ZH-S,FL_EOS_ID,NA,I agree,Yes,Yes,Daily,Yes,Please confirm you have read the post before continuing.,NA,NA,NA,6,6,6,6,7,7,7,7,7,7,7,7,Strongly agree,7,6,6,7,7,35-44,Man,Yes,7,HH,1,1,High,High,6,7,7,6.5,6.666666666666667,0.8180894308943092
09/09/2026 17:09,09/09/2026 17:13,IP Address,100,199,TRUE,09/09/2026 17:13,R_9LU4552mqVFYajf,NA,NA,NA,NA,qr,ZH-S,FL_EOS_ID,NA,I agree,Yes,Yes,Daily,Yes,NA,Please confirm you have read the post before continuing.,NA,NA,4,3,5,5,2,4,5,5,7,7,7,7,Strongly agree,4,7,5,5,5,35-44,Man,Not sure / Cannot remember,3,HL,1,0,High,Low,4.25,4,7,5.5,5,0.8180894308943092
09/09/2026 17:22,09/09/2026 17:24,IP Address,100,110,TRUE,09/09/2026 17:24,R_7M0bGP3Nb8zJYIg,NA,NA,NA,NA,anonymous,ZH-S,FL_EOS_ID,NA,I agree,Yes,Yes,Daily,Yes,Please confirm you have read the post before continuing.,NA,NA,NA,6,6,6,6,6,6,6,6,7,7,7,6,Strongly agree,7,7,7,7,7,25-34,Woman,Yes,7,HH,1,1,High,High,6,6,6.75,7,7,0.5680894308943092
09/09/2026 17:25,09/09/2026 17:27,IP Address,100,113,TRUE,09/09/2026 17:27,R_5uNBB9FbyrIB6pw,NA,NA,NA,NA,qr,ZH-S,FL_EOS_ID,NA,I agree,Yes,Yes,Daily,Yes,NA,Please confirm you have read the post before continuing.,NA,NA,7,7,7,7,7,7,7,7,5,6,7,7,Strongly agree,7,7,7,7,7,25-34,Man,Yes,6,HL,1,0,High,Low,7,7,6.25,7,7,0.06808943089430919
09/09/2026 17:25,09/09/2026 17:27,IP Address,100,141,TRUE,09/09/2026 17:27,R_5dyXDr9QkavA8P9,NA,NA,NA,NA,anonymous,EN,FL_EOS_ID,NA,I agree,Yes,Yes,Several times a week,Yes,NA,NA,Please confirm you have read the post before continuing.,NA,4,5,4,3,5,5,5,5,7,7,7,7,Strongly agree,6,6,4,2,4,18-24,Prefer not to say,No,4,LH,0,1,Low,High,4,5,7,6,3.3333333333333335,0.8180894308943092
09/09/2026 17:41,09/09/2026 17:46,IP Address,100,272,TRUE,09/09/2026 17:46,R_4cthehX2ENKIVjR,NA,NA,NA,NA,qr,ZH-S,FL_EOS_ID,NA,I agree,Yes,Yes,Daily,Yes,NA,NA,NA,Please confirm you have read the post before continuing.,5,6,6,5,6,6,7,6,5,6,5,4,Strongly agree,4,5,5,5,5,45 or above,Man,No,4,LL,0,0,Low,Low,5.5,6.25,5,4.5,5,-1.1819105691056908
09/09/2026 18:37,09/09/2026 18:39,IP Address,100,111,TRUE,09/09/2026 18:39,R_4YnfaOECXsXh8yl,NA,NA,NA,NA,anonymous,ZH-S,FL_EOS_ID,NA,I agree,Yes,Yes,Daily,Yes,Please confirm you have read the post before continuing.,NA,NA,NA,7,7,7,7,7,7,7,7,7,7,7,7,Strongly agree,7,7,7,7,7,25-34,Man,Not sure / Cannot remember,7,HH,1,1,High,High,7,7,7,7,7,0.8180894308943092
09/09/2026 19:02,09/09/2026 19:05,IP Address,100,178,TRUE,09/09/2026 19:05,R_3oqeyLjnTv0x0ng,NA,NA,NA,NA,anonymous,EN,FL_EOS_ID,NA,I agree,Yes,Yes,Daily,Yes,NA,Please confirm you have read the post before continuing.,NA,NA,4,3,3,2,3,5,4,5,6,6,6,6,Strongly agree,3,3,2,2,3,45 or above,Woman,No,6,HL,1,0,High,Low,3,4.25,6,3,2.3333333333333335,-0.1819105691056908
09/09/2026 19:19,09/09/2026 19:21,IP Address,100,92,TRUE,09/09/2026 19:21,R_3bW40sFXuVojHBT,NA,NA,NA,NA,anonymous,ZH-S,FL_EOS_ID,NA,I agree,Yes,Yes,Several times a week,Yes,NA,NA,NA,Please confirm you have read the post before continuing.,6,6,7,7,7,7,7,7,7,7,7,7,Strongly agree,7,7,7,7,7,25-34,Woman,Yes,6,LL,0,0,Low,Low,6.5,7,7,7,7,0.8180894308943092
09/09/2026 20:08,09/09/2026 20:11,IP Address,100,147,TRUE,09/09/2026 20:11,R_3oBwjVv9Q0kI1mp,NA,NA,NA,NA,anonymous,EN,FL_EOS_ID,NA,I agree,Yes,Yes,Daily,Yes,NA,NA,Please confirm you have read the post before continuing.,NA,4,4,4,4,4,4,4,4,6,7,6,6,Strongly agree,4,4,5,3,5,45 or above,Woman,Yes,6,LH,0,1,Low,High,4,4,6.25,4,4.333333333333333,0.06808943089430919
09/09/2026 21:23,09/09/2026 21:25,IP Address,100,137,TRUE,09/09/2026 21:25,R_4Sc2rE8tDDQd6q5,NA,NA,NA,NA,anonymous,EN,FL_EOS_ID,NA,I agree,Yes,Yes,Daily,Yes,Please confirm you have read the post before continuing.,NA,NA,NA,6,5,5,5,2,2,2,2,3,4,4,5,Strongly agree,3,3,4,5,5,18-24,Man,No,2,HH,1,1,High,High,5.25,2,4,3,4.666666666666667,-2.181910569105691
09/09/2026 22:31,09/09/2026 22:33,IP Address,100,126,TRUE,09/09/2026 22:33,R_9VpqkQ8zuRIeVBn,NA,NA,NA,NA,anonymous,ZH-S,FL_EOS_ID,NA,I agree,Yes,Yes,Daily,Yes,NA,NA,Please confirm you have read the post before continuing.,NA,3,4,3,3,2,3,4,4,7,7,7,7,Strongly agree,7,7,5,3,6,25-34,Woman,Yes,5,LH,0,1,Low,High,3.25,3.25,7,7,4.666666666666667,0.8180894308943092
09/09/2026 22:37,09/09/2026 22:39,IP Address,100,133,TRUE,09/09/2026 22:39,R_1P5f7wNyCPJzxK6,NA,NA,NA,NA,anonymous,EN,FL_EOS_ID,NA,I agree,Yes,Yes,Daily,Yes,NA,NA,Please confirm you have read the post before continuing.,NA,2,2,4,2,3,4,5,5,7,7,7,7,Strongly agree,6,6,5,3,3,25-34,Man,Yes,3,LH,0,1,Low,High,2.5,4.25,7,6,3.6666666666666665,0.8180894308943092
09/09/2026 22:48,09/09/2026 22:52,IP Address,100,203,TRUE,09/09/2026 22:52,R_9iX6kLfreiAt7za,NA,NA,NA,NA,anonymous,EN,FL_EOS_ID,NA,I agree,Yes,Yes,Daily,Yes,NA,Please confirm you have read the post before continuing.,NA,NA,5,5,5,4,5,6,5,4,6,6,5,6,Strongly agree,7,7,5,2,3,45 or above,Man,No,1,HL,1,0,High,Low,4.75,5,5.75,7,3.3333333333333335,-0.4319105691056908
09/09/2026 23:06,09/09/2026 23:08,IP Address,100,146,TRUE,09/09/2026 23:08,R_4EmKoEwvKemT5pW,NA,NA,NA,NA,anonymous,EN,FL_EOS_ID,NA,I agree,Yes,Yes,Daily,Yes,NA,NA,NA,Please confirm you have read the post before continuing.,3,4,4,4,4,4,3,3,6,6,6,6,Strongly agree,4,4,3,2,4,18-24,Woman,Yes,4,LL,0,0,Low,Low,3.75,3.5,6,4,3,-0.1819105691056908
09/09/2026 23:03,09/09/2026 23:09,IP Address,100,369,TRUE,09/09/2026 23:09,R_9SwRO42w4Q1Gcdb,NA,NA,NA,NA,anonymous,EN,FL_EOS_ID,NA,I agree,Yes,Yes,Daily,Yes,NA,NA,NA,Please confirm you have read the post before continuing.,2,3,2,3,4,3,3,4,5,5,6,5,Strongly agree,5,5,3,3,3,18-24,Woman,Not sure / Cannot remember,3,LL,0,0,Low,Low,2.5,3.5,5.25,5,3,-0.9319105691056908
09/09/2026 23:08,09/09/2026 23:11,IP Address,100,195,TRUE,09/09/2026 23:11,R_9I47IqKSu8dOiBl,NA,NA,NA,NA,anonymous,ZH-S,FL_EOS_ID,NA,I agree,Yes,Yes,Daily,Yes,NA,Please confirm you have read the post before continuing.,NA,NA,3,3,4,4,3,5,5,5,5,5,5,6,Strongly agree,4,5,3,3,3,25-34,Woman,Yes,2,HL,1,0,High,Low,3.5,4.5,5.25,4.5,3,-0.9319105691056908
09/09/2026 23:27,09/09/2026 23:30,IP Address,100,216,TRUE,09/09/2026 23:30,R_9ltr1wBM3uaxyoX,NA,NA,NA,NA,anonymous,EN,FL_EOS_ID,NA,I agree,Yes,Yes,Daily,Yes,NA,NA,Please confirm you have read the post before continuing.,NA,5,5,5,5,3,2,4,4,7,7,7,7,Strongly agree,4,5,5,4,6,45 or above,Man,Yes,2,LH,0,1,Low,High,5,3.25,7,4.5,5,0.8180894308943092
10/09/2026 00:10,10/09/2026 00:13,IP Address,100,209,TRUE,10/09/2026 00:13,R_9bsRedkIQP9c0V3,NA,NA,NA,NA,anonymous,EN,FL_EOS_ID,NA,I agree,Yes,Yes,Daily,Yes,Please confirm you have read the post before continuing.,NA,NA,NA,5,6,6,6,4,4,4,4,6,6,6,6,Strongly agree,5,6,6,5,6,25-34,Woman,Yes,5,HH,1,1,High,High,5.75,4,6,5.5,5.666666666666667,-0.1819105691056908
10/09/2026 00:40,10/09/2026 00:43,IP Address,100,191,TRUE,10/09/2026 00:43,R_4phBIiyccK0zeW1,NA,NA,NA,NA,anonymous,EN,FL_EOS_ID,NA,I agree,Yes,Yes,Daily,Yes,NA,Please confirm you have read the post before continuing.,NA,NA,5,4,4,4,4,2,2,4,7,7,7,7,Strongly agree,7,6,2,1,1,18-24,Man,Yes,3,HL,1,0,High,Low,4.25,3,7,6.5,1.3333333333333333,0.8180894308943092
10/09/2026 01:11,10/09/2026 01:15,IP Address,100,202,TRUE,10/09/2026 01:15,R_3L4QFDKIB1ASwa5,NA,NA,NA,NA,anonymous,EN,FL_EOS_ID,NA,I agree,Yes,Yes,Daily,Yes,NA,NA,Please confirm you have read the post before continuing.,NA,5,5,4,5,5,5,5,5,6,6,6,6,Strongly agree,6,3,3,3,5,35-44,Man,No,2,LH,0,1,Low,High,4.75,5,6,4.5,3.6666666666666665,-0.1819105691056908
10/09/2026 01:36,10/09/2026 01:42,IP Address,100,325,TRUE,10/09/2026 01:42,R_8mC8RUdnEn5j5sF,NA,NA,NA,NA,anonymous,EN,FL_EOS_ID,NA,I agree,Yes,Yes,Daily,Yes,Please confirm you have read the post before continuing.,NA,NA,NA,4,5,3,5,2,2,4,3,6,7,6,7,Strongly agree,7,6,5,4,5,25-34,Woman,Yes,1,HH,1,1,High,High,4.25,2.75,6.5,6.5,4.666666666666667,0.3180894308943092
10/09/2026 01:58,10/09/2026 02:01,IP Address,100,164,TRUE,10/09/2026 02:01,R_4GlQ91xVZAXH0gF,NA,NA,NA,NA,qr,ZH-S,FL_EOS_ID,NA,I agree,Yes,Yes,Daily,Yes,NA,NA,Please confirm you have read the post before continuing.,NA,4,4,4,4,4,4,4,4,4,4,4,4,Strongly agree,4,4,4,4,4,Prefer not to say,Man,Not sure / Cannot remember,4,LH,0,1,Low,High,4,4,4,4,4,-2.181910569105691
10/09/2026 04:52,10/09/2026 04:55,IP Address,100,179,TRUE,10/09/2026 04:55,R_2rjZC1L43kEHT3S,NA,NA,NA,NA,anonymous,EN,FL_EOS_ID,NA,I agree,Yes,Yes,Daily,Yes,NA,NA,NA,Please confirm you have read the post before continuing.,6,4,3,2,4,3,3,3,7,7,7,7,Strongly agree,7,7,1,1,1,25-34,Woman,No,3,LL,0,0,Low,Low,3.75,3.25,7,7,1,0.8180894308943092
10/09/2026 04:55,10/09/2026 04:58,IP Address,100,181,TRUE,10/09/2026 04:58,R_91HTn1f3A88uqv0,NA,NA,NA,NA,anonymous,ZH-S,FL_EOS_ID,NA,I agree,Yes,Yes,Daily,Yes,NA,Please confirm you have read the post before continuing.,NA,NA,1,2,2,2,4,4,4,4,7,7,7,7,Strongly agree,7,3,2,2,4,25-34,Woman,Yes,5,HL,1,0,High,Low,1.75,4,7,5,2.6666666666666665,0.8180894308943092
10/09/2026 04:56,10/09/2026 05:00,IP Address,100,210,TRUE,10/09/2026 05:00,R_2IH4elge8OV9j9v,NA,NA,NA,NA,anonymous,EN,FL_EOS_ID,NA,I agree,Yes,Yes,Daily,Yes,NA,NA,NA,Please confirm you have read the post before continuing.,6,3,4,4,3,4,4,4,7,7,7,7,Strongly agree,7,4,4,1,1,25-34,Woman,Yes,6,LL,0,0,Low,Low,4.25,3.75,7,5.5,2,0.8180894308943092
10/09/2026 05:04,10/09/2026 05:06,IP Address,100,111,TRUE,10/09/2026 05:06,R_946jLlmFwwaGvqf,NA,NA,NA,NA,qr,ZH-S,FL_EOS_ID,NA,I agree,Yes,Yes,Daily,Yes,Please confirm you have read the post before continuing.,NA,NA,NA,3,3,3,3,3,3,3,3,7,7,5,6,Strongly agree,5,5,3,3,5,25-34,Woman,No,7,HH,1,1,High,High,3,3,6.25,5,3.6666666666666665,0.06808943089430919
10/09/2026 05:05,10/09/2026 05:10,IP Address,100,296,TRUE,10/09/2026 05:10,R_207eTE3pMtHW7dh,NA,NA,NA,NA,anonymous,EN,FL_EOS_ID,NA,I agree,Yes,Yes,Once a week,Yes,NA,NA,Please confirm you have read the post before continuing.,NA,1,2,2,2,3,2,2,2,7,7,7,7,Strongly agree,1,5,2,3,3,45 or above,Man,No,1,LH,0,1,Low,High,1.75,2.25,7,3,2.6666666666666665,0.8180894308943092
10/09/2026 05:09,10/09/2026 05:12,IP Address,100,195,TRUE,10/09/2026 05:12,R_81R6caZ8O1PM4uP,NA,NA,NA,NA,anonymous,EN,FL_EOS_ID,NA,I agree,Yes,Yes,Daily,Yes,NA,Please confirm you have read the post before continuing.,NA,NA,4,3,2,2,4,4,4,4,7,6,7,6,Strongly agree,2,2,2,1,2,35-44,Man,No,3,HL,1,0,High,Low,2.75,4,6.5,2,1.6666666666666667,0.3180894308943092
10/09/2026 05:41,10/09/2026 05:46,IP Address,100,313,TRUE,10/09/2026 05:46,R_2hxLuvlWvuOU2KY,NA,NA,NA,NA,anonymous,EN,FL_EOS_ID,NA,I agree,Yes,Yes,Several times a week,Yes,Please confirm you have read the post before continuing.,NA,NA,NA,5,5,5,1,2,4,4,4,7,7,7,7,Strongly agree,6,3,5,4,5,35-44,Woman,Yes,7,HH,1,1,High,High,4,3.5,7,4.5,4.666666666666667,0.8180894308943092
10/09/2026 05:42,10/09/2026 05:53,IP Address,100,640,TRUE,10/09/2026 05:53,R_2iWQ8Wc8Ba8yUFD,NA,NA,NA,NA,anonymous,EN,FL_EOS_ID,NA,I agree,Yes,Yes,Daily,Yes,NA,Please confirm you have read the post before continuing.,NA,NA,4,3,3,3,4,4,3,4,5,5,5,4,Strongly agree,6,5,2,2,2,45 or above,Woman,Yes,3,HL,1,0,High,Low,3.25,3.75,4.75,5.5,2,-1.4319105691056908
10/09/2026 05:56,10/09/2026 05:58,IP Address,100,126,TRUE,10/09/2026 05:58,R_7GczW8ugN3QpAKf,NA,NA,NA,NA,anonymous,ZH-S,FL_EOS_ID,NA,I agree,Yes,Yes,Daily,Yes,NA,NA,Please confirm you have read the post before continuing.,NA,7,7,7,7,7,7,7,7,7,7,7,7,Strongly agree,7,7,7,7,7,35-44,Woman,Yes,7,LH,0,1,Low,High,7,7,7,7,7,0.8180894308943092
10/09/2026 06:25,10/09/2026 06:27,IP Address,100,142,TRUE,10/09/2026 06:27,R_8m9sELTrwdWxnec,NA,NA,NA,NA,anonymous,EN,FL_EOS_ID,NA,I agree,Yes,Yes,Daily,Yes,NA,NA,NA,Please confirm you have read the post before continuing.,1,7,7,7,4,4,4,5,6,5,5,6,Strongly agree,1,1,6,2,6,18-24,Man,Yes,4,LL,0,0,Low,Low,5.5,4.25,5.5,1,4.666666666666667,-0.6819105691056908
10/09/2026 06:27,10/09/2026 06:31,IP Address,100,223,TRUE,10/09/2026 06:31,R_4rMPMAhXnM781Jj,NA,NA,NA,NA,anonymous,EN,FL_EOS_ID,NA,I agree,Yes,Yes,Daily,Yes,NA,Please confirm you have read the post before continuing.,NA,NA,2,2,4,3,4,3,3,5,6,6,6,5,Strongly agree,5,5,4,3,5,35-44,Man,Yes,2,HL,1,0,High,Low,2.75,3.75,5.75,5,4,-0.4319105691056908
10/09/2026 07:50,10/09/2026 07:55,IP Address,100,275,TRUE,10/09/2026 07:55,R_4yNwyUpgmxzEg4p,NA,NA,NA,NA,anonymous,EN,FL_EOS_ID,NA,I agree,Yes,Yes,Daily,Yes,NA,NA,Please confirm you have read the post before continuing.,NA,2,4,4,2,2,2,2,4,5,5,6,7,Strongly agree,2,2,4,4,4,35-44,Woman,Yes,3,LH,0,1,Low,High,3,2.5,5.75,2,4,-0.4319105691056908
10/09/2026 08:16,10/09/2026 08:19,IP Address,100,136,TRUE,10/09/2026 08:19,R_85u2f8tgbGP7NKK,NA,NA,NA,NA,anonymous,EN,FL_EOS_ID,NA,I agree,Yes,Yes,Daily,Yes,Please confirm you have read the post before continuing.,NA,NA,NA,2,1,3,1,6,5,4,6,7,7,7,7,Strongly agree,7,7,5,3,5,18-24,Woman,Yes,6,HH,1,1,High,High,1.75,5.25,7,7,4.333333333333333,0.8180894308943092
10/09/2026 08:45,10/09/2026 08:47,IP Address,100,121,TRUE,10/09/2026 08:47,R_8KooysDw4ttdJKw,NA,NA,NA,NA,anonymous,EN,FL_EOS_ID,NA,I agree,Yes,Yes,Daily,Yes,NA,NA,NA,Please confirm you have read the post before continuing.,2,2,3,3,2,2,2,2,6,7,7,7,Strongly agree,7,6,1,1,2,25-34,Woman,Yes,2,LL,0,0,Low,Low,2.5,2,6.75,6.5,1.3333333333333333,0.5680894308943092
10/09/2026 09:20,10/09/2026 09:23,IP Address,100,198,TRUE,10/09/2026 09:23,R_2eTrlOkOFd30iHv,NA,NA,NA,NA,anonymous,EN,FL_EOS_ID,NA,I agree,Yes,Yes,Daily,Yes,NA,NA,Please confirm you have read the post before continuing.,NA,3,2,5,3,3,3,5,4,7,7,7,7,Strongly agree,6,7,5,5,5,25-34,Woman,Not sure / Cannot remember,4,LH,0,1,Low,High,3.25,3.75,7,6.5,5,0.8180894308943092
10/09/2026 09:30,10/09/2026 09:35,IP Address,100,326,TRUE,10/09/2026 09:35,R_8MPNdLkrXHFjLV3,NA,NA,NA,NA,anonymous,EN,FL_EOS_ID,NA,I agree,Yes,Yes,Daily,Yes,Please confirm you have read the post before continuing.,NA,NA,NA,5,5,4,4,4,6,6,6,7,7,7,7,Strongly agree,7,7,7,7,6,25-34,Woman,Not sure / Cannot remember,5,HH,1,1,High,High,4.5,5.5,7,7,6.666666666666667,0.8180894308943092
10/09/2026 10:47,10/09/2026 10:52,IP Address,100,255,TRUE,10/09/2026 10:52,R_9luXO0dweN7gR67,NA,NA,NA,NA,anonymous,EN,FL_EOS_ID,NA,I agree,Yes,Yes,Daily,Yes,NA,NA,NA,Please confirm you have read the post before continuing.,1,1,1,1,1,4,2,4,7,7,7,7,Strongly agree,4,6,2,1,2,18-24,Woman,No,7,LL,0,0,Low,Low,1,2.75,7,5,1.6666666666666667,0.8180894308943092
10/09/2026 11:22,10/09/2026 11:25,IP Address,100,188,TRUE,10/09/2026 11:25,R_2pl2tO19UhN5Hn8,NA,NA,NA,NA,anonymous,EN,FL_EOS_ID,NA,I agree,Yes,Yes,Daily,Yes,NA,Please confirm you have read the post before continuing.,NA,NA,1,1,1,1,1,1,6,5,7,7,7,7,Strongly agree,7,3,1,1,1,18-24,Man,No,2,HL,1,0,High,Low,1,3.25,7,5,1,0.8180894308943092
10/09/2026 12:45,10/09/2026 13:21,IP Address,100,2154,TRUE,10/09/2026 13:21,R_4rKiTGNgjK51atH,NA,NA,NA,NA,anonymous,EN,FL_EOS_ID,NA,I agree,Yes,Yes,Daily,Yes,NA,NA,Please confirm you have read the post before continuing.,NA,4,1,1,1,4,1,1,1,7,7,7,7,Strongly agree,1,1,1,1,2,25-34,Woman,Yes,6,LH,0,1,Low,High,1.75,1.75,7,1,1.3333333333333333,0.8180894308943092
10/09/2026 14:20,10/09/2026 14:22,IP Address,100,178,TRUE,10/09/2026 14:22,R_7HwDGT4KAr6a081,NA,NA,NA,NA,anonymous,EN,FL_EOS_ID,NA,I agree,Yes,Yes,Daily,Yes,Please confirm you have read the post before continuing.,NA,NA,NA,5,6,6,5,4,2,2,4,7,7,7,7,Strongly agree,7,7,6,4,5,35-44,Woman,Yes,7,HH,1,1,High,High,5.5,3,7,7,5,0.8180894308943092
10/09/2026 15:11,10/09/2026 15:15,IP Address,100,248,TRUE,10/09/2026 15:15,R_2hSayVodMjjdu5b,NA,NA,NA,NA,anonymous,EN,FL_EOS_ID,NA,I agree,Yes,Yes,Several times a week,Yes,Please confirm you have read the post before continuing.,NA,NA,NA,5,4,4,4,5,4,4,4,6,6,6,6,Strongly agree,6,6,5,4,5,18-24,Woman,Yes,4,HH,1,1,High,High,4.25,4.25,6,6,4.666666666666667,-0.1819105691056908
10/09/2026 15:33,10/09/2026 15:39,IP Address,100,372,TRUE,10/09/2026 15:39,R_2g5bcC7S2OTR8hU,NA,NA,NA,NA,anonymous,EN,FL_EOS_ID,NA,I agree,Yes,Yes,Daily,Yes,NA,NA,Please confirm you have read the post before continuing.,NA,5,5,6,6,4,5,5,5,7,7,7,7,Strongly agree,5,6,6,5,6,35-44,Woman,Yes,6,LH,0,1,Low,High,5.5,4.75,7,5.5,5.666666666666667,0.8180894308943092
09/09/2026 05:40,10/09/2026 17:54,IP Address,100,130447,TRUE,10/09/2026 17:54,R_4hGYYXqFeBiTXuH,NA,NA,NA,NA,anonymous,ZH-S,FL_EOS_ID,NA,I agree,Yes,Yes,Several times a week,Yes,NA,Please confirm you have read the post before continuing.,NA,NA,6,4,4,6,6,7,6,6,7,7,7,7,Strongly agree,7,7,7,7,7,Prefer not to say,Woman,Not sure / Cannot remember,3,HL,1,0,High,Low,5,6.25,7,7,7,0.8180894308943092
10/09/2026 18:55,10/09/2026 19:00,IP Address,100,313,TRUE,10/09/2026 19:00,R_6PHOVwjI3FwT9mT,NA,NA,NA,NA,anonymous,EN,FL_EOS_ID,NA,I agree,Yes,Yes,Daily,Yes,NA,NA,NA,Please confirm you have read the post before continuing.,2,3,4,3,2,2,2,2,7,7,6,7,Strongly agree,2,2,1,1,2,45 or above,Man,Yes,4,LL,0,0,Low,Low,3,2,6.75,2,1.3333333333333333,0.5680894308943092
10/09/2026 21:05,10/09/2026 21:09,IP Address,100,242,TRUE,10/09/2026 21:09,R_9aXqW0DW3yggBIN,NA,NA,NA,NA,anonymous,EN,FL_EOS_ID,NA,I agree,Yes,Yes,Daily,Yes,NA,NA,NA,Please confirm you have read the post before continuing.,4,5,5,5,4,4,5,6,7,7,6,7,Strongly agree,7,6,5,2,3,25-34,Man,No,2,LL,0,0,Low,Low,4.75,4.75,6.75,6.5,3.3333333333333335,0.5680894308943092
10/09/2026 23:07,10/09/2026 23:10,IP Address,100,193,TRUE,10/09/2026 23:10,R_2ilhlQc9YIxotL5,NA,NA,NA,NA,qr,ZH-S,FL_EOS_ID,NA,I agree,Yes,Yes,Daily,Yes,Please confirm you have read the post before continuing.,NA,NA,NA,6,4,5,5,4,3,4,4,6,6,6,6,Strongly agree,4,6,5,6,6,25-34,Man,Yes,4,HH,1,1,High,High,5,3.75,6,5,5.666666666666667,-0.1819105691056908
11/09/2026 01:20,11/09/2026 01:26,IP Address,100,347,TRUE,11/09/2026 01:26,R_4Z4h4TAzCfP8qtz,NA,NA,NA,NA,anonymous,EN,FL_EOS_ID,NA,I agree,Yes,Yes,Daily,Yes,NA,Please confirm you have read the post before continuing.,NA,NA,7,7,7,7,2,3,1,4,7,7,7,7,Strongly agree,5,5,5,5,5,25-34,Woman,Yes,5,HL,1,0,High,Low,7,2.5,7,5,5,0.8180894308943092
11/09/2026 03:00,11/09/2026 03:04,IP Address,100,195,TRUE,11/09/2026 03:04,R_2kyTCq1dgW3V97O,NA,NA,NA,NA,anonymous,ZH-S,FL_EOS_ID,NA,I agree,Yes,Yes,Daily,Yes,Please confirm you have read the post before continuing.,NA,NA,NA,5,5,6,5,3,3,3,3,5,6,6,5,Strongly agree,5,5,5,5,3,25-34,Man,Yes,2,HH,1,1,High,High,5.25,3,5.5,5,4.333333333333333,-0.6819105691056908
11/09/2026 05:15,11/09/2026 05:18,IP Address,100,152,TRUE,11/09/2026 05:18,R_2oKOLoouMcoMKXv,NA,NA,NA,NA,anonymous,EN,FL_EOS_ID,NA,I agree,Yes,Yes,Daily,Yes,NA,Please confirm you have read the post before continuing.,NA,NA,5,5,5,3,5,5,4,3,4,5,5,3,Strongly agree,4,4,5,1,3,18-24,Man,Not sure / Cannot remember,3,HL,1,0,High,Low,4.5,4.25,4.25,4,3,-1.9319105691056908
11/09/2026 06:19,11/09/2026 06:22,IP Address,100,178,TRUE,11/09/2026 06:22,R_8IhLpi3VzhsJHin,NA,NA,NA,NA,anonymous,EN,FL_EOS_ID,NA,I agree,Yes,Yes,Daily,Yes,NA,NA,NA,Please confirm you have read the post before continuing.,2,3,4,3,2,1,4,4,7,7,7,7,Strongly agree,7,7,1,1,1,18-24,Woman,Yes,7,LL,0,0,Low,Low,3,2.75,7,7,1,0.8180894308943092
11/09/2026 07:50,11/09/2026 07:54,IP Address,100,245,TRUE,11/09/2026 07:54,R_84hEkoZk6ae61md,NA,NA,NA,NA,anonymous,EN,FL_EOS_ID,NA,I agree,Yes,Yes,Daily,Yes,Please confirm you have read the post before continuing.,NA,NA,NA,6,3,2,2,3,3,5,4,7,7,7,7,Strongly agree,7,5,2,3,4,25-34,Prefer not to say,Yes,5,HH,1,1,High,High,3.25,3.75,7,6,3,0.8180894308943092
11/09/2026 09:01,11/09/2026 09:06,IP Address,100,321,TRUE,11/09/2026 09:06,R_93fptFWgjV9pg93,NA,NA,NA,NA,anonymous,EN,FL_EOS_ID,NA,I agree,Yes,Yes,Several times a week,Yes,NA,NA,Please confirm you have read the post before continuing.,NA,4,5,4,3,4,5,3,3,6,7,7,6,Strongly agree,7,7,5,2,4,18-24,Prefer not to say,Yes,5,LH,0,1,Low,High,4,3.75,6.5,7,3.6666666666666665,0.3180894308943092
11/09/2026 09:57,11/09/2026 10:00,IP Address,100,182,TRUE,11/09/2026 10:00,R_5KR4vAWJFKPRL9L,NA,NA,NA,NA,anonymous,EN,FL_EOS_ID,NA,I agree,Yes,Yes,Several times a week,Yes,NA,Please confirm you have read the post before continuing.,NA,NA,2,4,5,5,4,2,2,2,7,7,7,7,Strongly agree,7,6,1,1,2,35-44,Woman,Yes,3,HL,1,0,High,Low,4,2.5,7,6.5,1.3333333333333333,0.8180894308943092
11/09/2026 10:47,11/09/2026 10:50,IP Address,100,173,TRUE,11/09/2026 10:50,R_9GBRm9LoQJoWQH2,NA,NA,NA,NA,qr,ZH-S,FL_EOS_ID,NA,I agree,Yes,Yes,Daily,Yes,NA,Please confirm you have read the post before continuing.,NA,NA,5,5,5,5,4,4,5,4,7,7,6,7,Strongly agree,7,7,3,3,5,25-34,Woman,No,3,HL,1,0,High,Low,5,4.25,6.75,7,3.6666666666666665,0.5680894308943092
11/09/2026 10:56,11/09/2026 11:04,IP Address,100,490,TRUE,11/09/2026 11:04,R_4PuzVMWT409RlOO,NA,NA,NA,NA,anonymous,EN,FL_EOS_ID,NA,I agree,Yes,Yes,Daily,Yes,Please confirm you have read the post before continuing.,NA,NA,NA,3,5,4,4,4,4,4,3,7,7,7,7,Strongly agree,6,5,4,4,5,18-24,Woman,No,2,HH,1,1,High,High,4,3.75,7,5.5,4.333333333333333,0.8180894308943092
11/09/2026 12:39,11/09/2026 12:44,IP Address,100,304,TRUE,11/09/2026 12:44,R_5jl9EnA1iB9i3hn,NA,NA,NA,NA,anonymous,EN,FL_EOS_ID,NA,I agree,Yes,Yes,Daily,Yes,NA,NA,Please confirm you have read the post before continuing.,NA,6,6,6,6,3,4,4,3,7,7,7,7,Strongly agree,5,4,5,3,5,18-24,Woman,Yes,2,LH,0,1,Low,High,6,3.5,7,4.5,4.333333333333333,0.8180894308943092
11/09/2026 12:48,11/09/2026 12:51,IP Address,100,186,TRUE,11/09/2026 12:51,R_3PwaCXj7nYzRGb7,NA,NA,NA,NA,anonymous,EN,FL_EOS_ID,NA,I agree,Yes,Yes,Daily,Yes,NA,NA,NA,Please confirm you have read the post before continuing.,1,1,2,1,1,5,5,6,7,7,7,7,Strongly agree,7,7,1,1,1,35-44,Woman,Yes,5,LL,0,0,Low,Low,1.25,4.25,7,7,1,0.8180894308943092
11/09/2026 13:04,11/09/2026 13:08,IP Address,100,223,TRUE,11/09/2026 13:08,R_1NeOBzyjBWepik0,NA,NA,NA,NA,anonymous,EN,FL_EOS_ID,NA,I agree,Yes,Yes,Daily,Yes,NA,Please confirm you have read the post before continuing.,NA,NA,5,5,4,4,3,3,3,3,7,7,7,7,Strongly agree,7,7,4,3,2,45 or above,Woman,Not sure / Cannot remember,7,HL,1,0,High,Low,4.5,3,7,7,3,0.8180894308943092
11/09/2026 20:12,11/09/2026 20:15,IP Address,100,210,TRUE,11/09/2026 20:15,R_90oMk6TVBjkjvCW,NA,NA,NA,NA,anonymous,EN,FL_EOS_ID,NA,I agree,Yes,Yes,Daily,Yes,Please confirm you have read the post before continuing.,NA,NA,NA,5,6,2,5,3,2,2,4,7,7,6,7,Strongly agree,7,7,5,2,3,18-24,Man,No,3,HH,1,1,High,High,4.5,2.75,6.75,7,3.3333333333333335,0.5680894308943092
11/09/2026 22:05,11/09/2026 22:08,IP Address,100,162,TRUE,11/09/2026 22:08,R_41ZsrKtbguxvUZO,NA,NA,NA,NA,anonymous,EN,FL_EOS_ID,NA,I agree,Yes,Yes,Daily,Yes,NA,NA,Please confirm you have read the post before continuing.,NA,1,2,2,2,2,4,2,2,7,7,7,7,Strongly agree,1,4,3,2,2,35-44,Man,Not sure / Cannot remember,4,LH,0,1,Low,High,1.75,2.5,7,2.5,2.3333333333333335,0.8180894308943092
11/09/2026 23:33,11/09/2026 23:35,IP Address,100,141,TRUE,11/09/2026 23:35,R_9p5vh0tt1R42coS,NA,NA,NA,NA,anonymous,EN,FL_EOS_ID,NA,I agree,Yes,Yes,Daily,Yes,NA,NA,Please confirm you have read the post before continuing.,NA,3,2,4,4,1,3,2,1,6,5,3,2,Strongly agree,2,3,4,4,5,25-34,Woman,Yes,3,LH,0,1,Low,High,3.25,1.75,4,2.5,4.333333333333333,-2.181910569105691
12/09/2026 01:04,12/09/2026 01:09,IP Address,100,308,TRUE,12/09/2026 01:09,R_6zqVuRg39EP0YYV,NA,NA,NA,NA,anonymous,EN,FL_EOS_ID,NA,I agree,Yes,Yes,Daily,Yes,Please confirm you have read the post before continuing.,NA,NA,NA,2,5,4,5,2,2,4,2,6,7,6,7,Strongly agree,6,6,4,5,5,45 or above,Man,Not sure / Cannot remember,1,HH,1,1,High,High,4,2.5,6.5,6,4.666666666666667,0.3180894308943092
12/09/2026 02:34,12/09/2026 02:38,IP Address,100,236,TRUE,12/09/2026 02:38,R_4ffNM0VYbeSmUtb,NA,NA,NA,NA,anonymous,EN,FL_EOS_ID,NA,I agree,Yes,Yes,Daily,Yes,NA,NA,NA,Please confirm you have read the post before continuing.,4,3,3,2,2,4,4,3,6,6,6,6,Strongly agree,6,5,3,1,1,18-24,Prefer not to say,No,5,LL,0,0,Low,Low,3,3.25,6,5.5,1.6666666666666667,-0.1819105691056908
12/09/2026 02:58,12/09/2026 03:00,IP Address,100,142,TRUE,12/09/2026 03:00,R_92liA7wFThdkhB4,NA,NA,NA,NA,anonymous,EN,FL_EOS_ID,NA,I agree,Yes,Yes,Daily,Yes,NA,Please confirm you have read the post before continuing.,NA,NA,5,5,4,4,3,3,4,4,6,5,4,6,Strongly agree,3,5,4,4,4,25-34,Woman,Not sure / Cannot remember,5,HL,1,0,High,Low,4.5,3.5,5.25,4,4,-0.9319105691056908
12/09/2026 05:02,12/09/2026 05:05,IP Address,100,176,TRUE,12/09/2026 05:05,R_2TTvsMyw04WJfQl,NA,NA,NA,NA,anonymous,EN,FL_EOS_ID,NA,I agree,Yes,Yes,Daily,Yes,NA,NA,NA,Please confirm you have read the post before continuing.,6,6,4,4,4,2,2,2,7,7,7,7,Strongly agree,2,1,3,2,2,45 or above,Man,Yes,4,LL,0,0,Low,Low,5,2.5,7,1.5,2.3333333333333335,0.8180894308943092
12/09/2026 05:55,12/09/2026 05:57,IP Address,100,121,TRUE,12/09/2026 05:57,R_40dnH1IqFHB8JB7,NA,NA,NA,NA,anonymous,EN,FL_EOS_ID,NA,I agree,Yes,Yes,Daily,Yes,Please confirm you have read the post before continuing.,NA,NA,NA,5,5,5,6,3,2,6,5,5,5,4,5,Strongly agree,7,5,3,3,5,18-24,Man,Yes,4,HH,1,1,High,High,5.25,4,4.75,6,3.6666666666666665,-1.4319105691056908
12/09/2026 06:27,12/09/2026 06:29,IP Address,100,141,TRUE,12/09/2026 06:29,R_4j2l0qxKI3IKNwa,NA,NA,NA,NA,anonymous,EN,FL_EOS_ID,NA,I agree,Yes,Yes,Several times a week,Yes,NA,Please confirm you have read the post before continuing.,NA,NA,1,1,1,1,2,1,1,1,7,7,7,7,Strongly agree,7,7,1,1,1,Prefer not to say,Prefer not to say,No,7,HL,1,0,High,Low,1,1.25,7,7,1,0.8180894308943092
12/09/2026 06:15,12/09/2026 06:39,IP Address,100,1483,TRUE,12/09/2026 06:39,R_43ZRZhGWV5Fbibv,NA,NA,NA,NA,anonymous,EN,FL_EOS_ID,NA,I agree,Yes,Yes,Daily,Yes,NA,NA,NA,Please confirm you have read the post before continuing.,5,2,5,4,3,2,2,2,7,7,7,7,Strongly agree,1,1,1,3,5,25-34,Woman,Not sure / Cannot remember,6,LL,0,0,Low,Low,4,2.25,7,1,3,0.8180894308943092
12/09/2026 08:19,12/09/2026 08:21,IP Address,100,161,TRUE,12/09/2026 08:21,R_9k5P0vRCcgLNIAG,NA,NA,NA,NA,anonymous,EN,FL_EOS_ID,NA,I agree,Yes,Yes,Daily,Yes,Please confirm you have read the post before continuing.,NA,NA,NA,5,6,7,7,4,5,2,2,6,7,6,7,Strongly agree,2,3,6,5,5,18-24,Prefer not to say,Yes,3,HH,1,1,High,High,6.25,3.25,6.5,2.5,5.333333333333333,0.3180894308943092
12/09/2026 10:25,12/09/2026 10:26,IP Address,100,87,TRUE,12/09/2026 10:26,R_9re8g8DbVYXjAo0,NA,NA,NA,NA,anonymous,EN,FL_EOS_ID,NA,I agree,Yes,Yes,Daily,Yes,NA,Please confirm you have read the post before continuing.,NA,NA,2,4,6,5,2,3,4,5,2,5,4,4,Strongly agree,5,5,6,5,3,18-24,Man,No,2,HL,1,0,High,Low,4.25,3.5,3.75,5,4.666666666666667,-2.431910569105691
12/09/2026 11:06,12/09/2026 11:09,IP Address,100,224,TRUE,12/09/2026 11:09,R_9NX52gc2c59xnbk,NA,NA,NA,NA,anonymous,EN,FL_EOS_ID,NA,I agree,Yes,Yes,Daily,Yes,NA,NA,Please confirm you have read the post before continuing.,NA,4,4,5,3,3,4,3,3,6,5,3,3,Strongly agree,6,5,3,4,3,Prefer not to say,Woman,Yes,2,LH,0,1,Low,High,4,3.25,4.25,5.5,3.3333333333333335,-1.9319105691056908
12/09/2026 12:56,12/09/2026 12:59,IP Address,100,172,TRUE,12/09/2026 12:59,R_7eJjQAedDl5gi3s,NA,NA,NA,NA,anonymous,EN,FL_EOS_ID,NA,I agree,Yes,Yes,Daily,Yes,NA,NA,NA,Please confirm you have read the post before continuing.,2,2,4,2,4,3,2,2,6,6,6,6,Strongly agree,2,2,2,2,2,18-24,Woman,Yes,4,LL,0,0,Low,Low,2.5,2.75,6,2,2,-0.1819105691056908
12/09/2026 16:41,12/09/2026 17:05,IP Address,100,1465,TRUE,12/09/2026 17:05,R_1HiPwcKAfekPDbJ,NA,NA,NA,NA,anonymous,EN,FL_EOS_ID,NA,I agree,Yes,Yes,Daily,Yes,Please confirm you have read the post before continuing.,NA,NA,NA,1,4,4,4,4,4,4,4,5,7,7,7,Strongly agree,4,5,5,2,6,25-34,Man,No,3,HH,1,1,High,High,3.25,4,6.5,4.5,4.333333333333333,0.3180894308943092
12/09/2026 17:17,12/09/2026 17:20,IP Address,100,157,TRUE,12/09/2026 17:20,R_5flSuW10I5mefDc,NA,NA,NA,NA,anonymous,EN,FL_EOS_ID,NA,I agree,Yes,Yes,Daily,Yes,NA,Please confirm you have read the post before continuing.,NA,NA,4,5,6,6,2,2,2,1,7,7,7,7,Strongly agree,7,7,1,1,3,18-24,Man,Not sure / Cannot remember,3,HL,1,0,High,Low,5.25,1.75,7,7,1.6666666666666667,0.8180894308943092
12/09/2026 17:23,12/09/2026 17:26,IP Address,100,167,TRUE,12/09/2026 17:26,R_8QRv06NTWKd8ZUh,NA,NA,NA,NA,anonymous,EN,FL_EOS_ID,NA,I agree,Yes,Yes,Daily,Yes,NA,NA,Please confirm you have read the post before continuing.,NA,3,4,5,5,4,4,4,5,7,7,7,6,Strongly agree,7,7,4,2,2,18-24,Man,Yes,4,LH,0,1,Low,High,4.25,4.25,6.75,7,2.6666666666666665,0.5680894308943092
12/09/2026 17:26,12/09/2026 17:28,IP Address,100,152,TRUE,12/09/2026 17:28,R_679vPdJl11KfRuZ,NA,NA,NA,NA,anonymous,EN,FL_EOS_ID,NA,I agree,Yes,Yes,Daily,Yes,NA,NA,NA,Please confirm you have read the post before continuing.,5,7,7,6,1,1,1,1,7,7,7,7,Strongly agree,7,7,5,1,1,45 or above,Woman,Yes,6,LL,0,0,Low,Low,6.25,1,7,7,2.3333333333333335,0.8180894308943092
12/09/2026 18:39,12/09/2026 18:46,IP Address,100,434,TRUE,12/09/2026 18:46,R_7TS6b5pwMT3d2Pz,NA,NA,NA,NA,anonymous,EN,FL_EOS_ID,NA,I agree,Yes,Yes,Daily,Yes,Please confirm you have read the post before continuing.,NA,NA,NA,2,4,5,3,5,4,5,3,7,7,7,7,Strongly agree,6,7,3,2,3,18-24,Man,Yes,3,HH,1,1,High,High,3.5,4.25,7,6.5,2.6666666666666665,0.8180894308943092
13/09/2026 03:53,13/09/2026 03:57,IP Address,100,230,TRUE,13/09/2026 03:57,R_8r6N1JabHfanx6c,NA,NA,NA,NA,anonymous,EN,FL_EOS_ID,NA,I agree,Yes,Yes,Daily,Yes,NA,NA,Please confirm you have read the post before continuing.,NA,6,6,4,4,3,3,4,4,6,6,6,6,Strongly agree,5,3,4,3,5,25-34,Woman,Yes,5,LH,0,1,Low,High,5,3.5,6,4,4,-0.1819105691056908
13/09/2026 05:00,13/09/2026 05:03,IP Address,100,202,TRUE,13/09/2026 05:03,R_9oiK1ERtmDvDyTm,NA,NA,NA,NA,anonymous,EN,FL_EOS_ID,NA,I agree,Yes,Yes,Daily,Yes,NA,Please confirm you have read the post before continuing.,NA,NA,5,3,3,4,2,4,4,4,6,6,6,6,Strongly agree,5,4,4,4,4,35-44,Man,Yes,3,HL,1,0,High,Low,3.75,3.5,6,4.5,4,-0.1819105691056908
13/09/2026 08:34,13/09/2026 08:38,IP Address,100,210,TRUE,13/09/2026 08:38,R_7SrdxPQdDkxu842,NA,NA,NA,NA,anonymous,EN,FL_EOS_ID,NA,I agree,Yes,Yes,Daily,Yes,NA,NA,NA,Please confirm you have read the post before continuing.,2,3,4,5,4,6,6,5,5,7,7,6,Strongly agree,6,6,6,3,2,18-24,Man,No,3,LL,0,0,Low,Low,3.5,5.25,6.25,6,3.6666666666666665,0.06808943089430919
13/09/2026 12:23,13/09/2026 12:30,IP Address,100,417,TRUE,13/09/2026 12:30,R_2szxJQpgRLwsP7J,NA,NA,NA,NA,anonymous,EN,FL_EOS_ID,NA,I agree,Yes,Yes,Daily,Yes,Please confirm you have read the post before continuing.,NA,NA,NA,2,3,2,5,1,2,2,2,6,6,6,6,Strongly agree,4,6,4,2,2,25-34,Man,Yes,1,HH,1,1,High,High,3,1.75,6,5,2.6666666666666665,-0.1819105691056908
13/09/2026 12:56,13/09/2026 13:02,IP Address,100,356,TRUE,13/09/2026 13:02,R_4wshyuP8ki5oMsh,NA,NA,NA,NA,anonymous,EN,FL_EOS_ID,NA,I agree,Yes,Yes,Daily,Yes,NA,NA,Please confirm you have read the post before continuing.,NA,5,1,5,5,2,2,1,2,7,7,6,7,Strongly agree,3,4,5,2,3,18-24,Woman,Yes,4,LH,0,1,Low,High,4,1.75,6.75,3.5,3.3333333333333335,0.5680894308943092
13/09/2026 13:23,13/09/2026 13:26,IP Address,100,174,TRUE,13/09/2026 13:26,R_4fP6aVeaeMi6FDr,NA,NA,NA,NA,anonymous,EN,FL_EOS_ID,NA,I agree,Yes,Yes,Daily,Yes,NA,NA,NA,Please confirm you have read the post before continuing.,2,1,2,2,1,1,2,2,6,7,6,7,Strongly agree,3,4,1,1,2,18-24,Woman,Yes,2,LL,0,0,Low,Low,1.75,1.5,6.5,3.5,1.3333333333333333,0.3180894308943092
13/09/2026 13:48,13/09/2026 13:52,IP Address,100,244,TRUE,13/09/2026 13:52,R_4XicKMjdzPOPflD,NA,NA,NA,NA,anonymous,EN,FL_EOS_ID,NA,I agree,Yes,Yes,Daily,Yes,NA,Please confirm you have read the post before continuing.,NA,NA,5,3,1,3,1,5,5,3,6,7,7,7,Strongly agree,5,3,2,4,5,18-24,Woman,Yes,6,HL,1,0,High,Low,3,3.5,6.75,4,3.6666666666666665,0.5680894308943092
13/09/2026 15:13,13/09/2026 15:15,IP Address,100,104,TRUE,13/09/2026 15:15,R_4EXs1Re8N2Evvj9,NA,NA,NA,NA,anonymous,EN,FL_EOS_ID,NA,I agree,Yes,Yes,Daily,Yes,Please confirm you have read the post before continuing.,NA,NA,NA,2,2,6,5,5,5,5,5,7,6,6,6,Strongly agree,6,6,6,6,6,18-24,Woman,Yes,6,HH,1,1,High,High,3.75,5,6.25,6,6,0.06808943089430919
13/09/2026 19:32,13/09/2026 19:35,IP Address,100,151,TRUE,13/09/2026 19:35,R_9qPUAEn0eSsgznC,NA,NA,NA,NA,anonymous,ZH-S,FL_EOS_ID,NA,I agree,Yes,Yes,Once a week,Yes,NA,NA,NA,Please confirm you have read the post before continuing.,3,3,3,3,3,2,3,2,3,3,4,2,Strongly agree,3,3,3,3,3,35-44,Woman,No,1,LL,0,0,Low,Low,3,2.5,3,3,3,-3.181910569105691
13/09/2026 20:45,13/09/2026 20:50,IP Address,100,322,TRUE,13/09/2026 20:50,R_9v6by9X1JBJTEi0,NA,NA,NA,NA,anonymous,EN,FL_EOS_ID,NA,I agree,Yes,Yes,Daily,Yes,Please confirm you have read the post before continuing.,NA,NA,NA,2,4,2,2,1,2,3,3,7,7,7,7,Strongly agree,6,6,7,7,3,35-44,Man,No,2,HH,1,1,High,High,2.5,2.25,7,6,5.666666666666667,0.8180894308943092
13/09/2026 20:57,13/09/2026 21:02,IP Address,100,272,TRUE,13/09/2026 21:02,R_8y9QLcPHxdln9al,NA,NA,NA,NA,anonymous,EN,FL_EOS_ID,NA,I agree,Yes,Yes,Daily,Yes,NA,NA,Please confirm you have read the post before continuing.,NA,4,5,4,4,3,3,3,3,7,7,7,7,Strongly agree,7,3,3,3,1,Prefer not to say,Prefer not to say,Yes,4,LH,0,1,Low,High,4.25,3,7,5,2.3333333333333335,0.8180894308943092
14/09/2026 00:55,14/09/2026 00:59,IP Address,100,219,TRUE,14/09/2026 00:59,R_9PXUYjvKWuYHWJt,NA,NA,NA,NA,anonymous,EN,FL_EOS_ID,NA,I agree,Yes,Yes,Daily,Yes,NA,Please confirm you have read the post before continuing.,NA,NA,2,2,4,2,5,6,3,5,7,7,7,7,Strongly agree,7,7,3,3,2,18-24,Woman,Yes,6,HL,1,0,High,Low,2.5,4.75,7,7,2.6666666666666665,0.8180894308943092
14/09/2026 03:06,14/09/2026 03:12,IP Address,100,369,TRUE,14/09/2026 03:12,R_8n2A4uXEImZ7d2U,NA,NA,NA,NA,anonymous,EN,FL_EOS_ID,NA,I agree,Yes,Yes,Daily,Yes,NA,Please confirm you have read the post before continuing.,NA,NA,5,6,3,4,5,4,3,2,7,7,7,7,Strongly agree,7,7,6,2,7,18-24,Woman,No,5,HL,1,0,High,Low,4.5,3.5,7,7,5,0.8180894308943092
14/09/2026 04:26,14/09/2026 04:28,IP Address,100,133,TRUE,14/09/2026 04:28,R_9CYncNmNaGknf4B,NA,NA,NA,NA,anonymous,EN,FL_EOS_ID,NA,I agree,Yes,Yes,Daily,Yes,NA,NA,Please confirm you have read the post before continuing.,NA,6,6,5,5,6,6,5,5,7,7,7,7,Strongly agree,6,6,6,6,6,25-34,Woman,Yes,5,LH,0,1,Low,High,5.5,5.5,7,6,6,0.8180894308943092
14/09/2026 05:20,14/09/2026 05:25,IP Address,100,278,TRUE,14/09/2026 05:25,R_4YburV2VpFbrpaS,NA,NA,NA,NA,anonymous,EN,FL_EOS_ID,NA,I agree,Yes,Yes,Daily,Yes,NA,NA,NA,Please confirm you have read the post before continuing.,3,5,3,4,4,5,6,6,7,7,7,7,Strongly agree,7,7,7,7,7,18-24,Woman,Yes,7,LL,0,0,Low,Low,3.75,5.25,7,7,7,0.8180894308943092
14/09/2026 06:20,14/09/2026 06:29,IP Address,100,484,TRUE,14/09/2026 06:29,R_216ZB7X25Ai6vra,NA,NA,NA,NA,anonymous,EN,FL_EOS_ID,NA,I agree,Yes,Yes,Daily,Yes,NA,Please confirm you have read the post before continuing.,NA,NA,4,4,4,4,3,4,4,3,7,7,7,7,Strongly agree,7,7,2,2,2,18-24,Man,Not sure / Cannot remember,1,HL,1,0,High,Low,4,3.5,7,7,2,0.8180894308943092
14/09/2026 09:00,14/09/2026 09:04,IP Address,100,261,TRUE,14/09/2026 09:04,R_8hAML5qGXrNZZnS,NA,NA,NA,NA,anonymous,EN,FL_EOS_ID,NA,I agree,Yes,Yes,Daily,Yes,NA,NA,NA,Please confirm you have read the post before continuing.,4,4,2,1,5,5,5,2,7,7,7,7,Strongly agree,7,7,1,1,1,25-34,Woman,Yes,7,LL,0,0,Low,Low,2.75,4.25,7,7,1,0.8180894308943092
14/09/2026 09:04,14/09/2026 09:06,IP Address,100,116,TRUE,14/09/2026 09:06,R_6uOLrPGnnLfoscq,NA,NA,NA,NA,anonymous,EN,FL_EOS_ID,NA,I agree,Yes,Yes,Daily,Yes,NA,NA,Please confirm you have read the post before continuing.,NA,6,6,6,6,4,4,4,4,6,6,6,6,Strongly agree,4,6,6,6,6,35-44,Woman,Yes,4,LH,0,1,Low,High,6,4,6,5,6,-0.1819105691056908
14/09/2026 10:20,14/09/2026 10:24,IP Address,100,227,TRUE,14/09/2026 10:24,R_8UY18OOrGf9zf7r,NA,NA,NA,NA,anonymous,EN,FL_EOS_ID,NA,I agree,Yes,Yes,Daily,Yes,Please confirm you have read the post before continuing.,NA,NA,NA,6,5,5,6,4,5,5,3,7,7,7,7,Strongly agree,6,5,5,5,6,18-24,Woman,Yes,5,HH,1,1,High,High,5.5,4.25,7,5.5,5.333333333333333,0.8180894308943092
14/09/2026 10:34,14/09/2026 10:39,IP Address,100,303,TRUE,14/09/2026 10:39,R_5QwEwlCWUTHfZdL,NA,NA,NA,NA,anonymous,EN,FL_EOS_ID,NA,I agree,Yes,Yes,Daily,Yes,NA,NA,Please confirm you have read the post before continuing.,NA,5,4,4,4,2,2,2,2,6,6,6,6,Strongly agree,6,5,4,2,5,25-34,Woman,Yes,4,LH,0,1,Low,High,4.25,2,6,5.5,3.6666666666666665,-0.1819105691056908
14/09/2026 10:44,14/09/2026 10:47,IP Address,100,217,TRUE,14/09/2026 10:47,R_9WxAZPBe5plBtwB,NA,NA,NA,NA,anonymous,EN,FL_EOS_ID,NA,I agree,Yes,Yes,Daily,Yes,NA,Please confirm you have read the post before continuing.,NA,NA,5,6,5,4,1,2,2,2,7,7,7,7,Strongly agree,7,7,1,3,1,18-24,Man,No,3,HL,1,0,High,Low,5,1.75,7,7,1.6666666666666667,0.8180894308943092
14/09/2026 09:45,14/09/2026 10:53,IP Address,100,4087,TRUE,14/09/2026 10:53,R_1PbEdGG45fT2UHW,NA,NA,NA,NA,anonymous,EN,FL_EOS_ID,NA,I agree,Yes,Yes,Daily,Yes,NA,NA,NA,Please confirm you have read the post before continuing.,6,6,6,6,4,5,6,6,7,7,7,7,Strongly agree,1,3,2,5,5,35-44,Man,No,2,LL,0,0,Low,Low,6,5.25,7,2,4,0.8180894308943092
14/09/2026 11:00,14/09/2026 11:05,IP Address,100,320,TRUE,14/09/2026 11:05,R_2kMmxnRSov07ojw,NA,NA,NA,NA,anonymous,EN,FL_EOS_ID,NA,I agree,Yes,Yes,Daily,Yes,NA,Please confirm you have read the post before continuing.,NA,NA,4,4,5,5,4,4,5,5,7,7,6,7,Strongly agree,7,7,5,3,5,18-24,Man,Yes,5,HL,1,0,High,Low,4.5,4.5,6.75,7,4.333333333333333,0.5680894308943092
14/09/2026 12:25,14/09/2026 12:29,IP Address,100,246,TRUE,14/09/2026 12:29,R_2oM97IbUtpUjNdx,NA,NA,NA,NA,anonymous,EN,FL_EOS_ID,NA,I agree,Yes,Yes,Daily,Yes,NA,NA,NA,Please confirm you have read the post before continuing.,2,6,3,4,2,2,2,2,6,6,6,6,Strongly agree,6,6,2,2,2,25-34,Woman,Not sure / Cannot remember,5,LL,0,0,Low,Low,3.75,2,6,6,2,-0.1819105691056908
14/09/2026 22:40,14/09/2026 22:44,IP Address,100,250,TRUE,14/09/2026 22:44,R_9huLSulQG985Xpe,NA,NA,NA,NA,anonymous,EN,FL_EOS_ID,NA,I agree,Yes,Yes,Daily,Yes,NA,NA,Please confirm you have read the post before continuing.,NA,4,4,5,4,3,5,4,3,7,6,6,6,Strongly agree,5,6,5,4,6,18-24,Woman,No,5,LH,0,1,Low,High,4.25,3.75,6.25,5.5,5,0.06808943089430919
15/09/2026 00:37,15/09/2026 00:39,IP Address,100,158,TRUE,15/09/2026 00:39,R_6PLXsmzMSTPl1cn,NA,NA,NA,NA,anonymous,EN,FL_EOS_ID,NA,I agree,Yes,Yes,Several times a week,Yes,NA,NA,Please confirm you have read the post before continuing.,NA,5,5,5,5,3,3,4,2,7,7,7,7,Strongly agree,3,3,5,2,3,18-24,Man,Yes,2,LH,0,1,Low,High,5,3,7,3,3.3333333333333335,0.8180894308943092
15/09/2026 01:10,15/09/2026 01:15,IP Address,100,303,TRUE,15/09/2026 01:15,R_2ez82YQ39qtzyrY,NA,NA,NA,NA,anonymous,EN,FL_EOS_ID,NA,I agree,Yes,Yes,Daily,Yes,Please confirm you have read the post before continuing.,NA,NA,NA,4,4,4,4,4,4,4,4,6,7,7,6,Strongly agree,6,4,4,4,4,25-34,Man,Not sure / Cannot remember,2,HH,1,1,High,High,4,4,6.5,5,4,0.3180894308943092
15/09/2026 02:54,15/09/2026 02:56,IP Address,100,131,TRUE,15/09/2026 02:56,R_54cSKjsKOGaaGur,NA,NA,NA,NA,anonymous,ZH-S,FL_EOS_ID,NA,I agree,Yes,Yes,Daily,Yes,NA,NA,NA,Please confirm you have read the post before continuing.,3,2,2,2,3,5,2,2,7,7,5,5,Strongly agree,5,5,2,1,1,25-34,Man,Yes,2,LL,0,0,Low,Low,2.25,3,6,5,1.3333333333333333,-0.1819105691056908
15/09/2026 04:27,15/09/2026 04:30,IP Address,100,177,TRUE,15/09/2026 04:30,R_2ePHuYRejGqifgB,NA,NA,NA,NA,anonymous,EN,FL_EOS_ID,NA,I agree,Yes,Yes,Daily,Yes,NA,NA,Please confirm you have read the post before continuing.,NA,7,7,7,7,1,4,4,3,7,7,7,5,Strongly agree,1,5,5,3,7,45 or above,Man,Yes,7,LH,0,1,Low,High,7,3,6.5,3,5,0.3180894308943092
15/09/2026 04:30,15/09/2026 04:32,IP Address,100,121,TRUE,15/09/2026 04:32,R_84uw9dzxdZa2VHJ,NA,NA,NA,NA,anonymous,EN,FL_EOS_ID,NA,I agree,Yes,Yes,Daily,Yes,NA,Please confirm you have read the post before continuing.,NA,NA,5,5,5,6,4,4,5,5,7,7,7,7,Strongly agree,4,5,5,5,5,25-34,Man,Yes,2,HL,1,0,High,Low,5.25,4.5,7,4.5,5,0.8180894308943092
15/09/2026 04:35,15/09/2026 04:38,IP Address,100,202,TRUE,15/09/2026 04:38,R_8fvwHVmI24B9o3y,NA,NA,NA,NA,anonymous,EN,FL_EOS_ID,NA,I agree,Yes,Yes,Daily,Yes,NA,NA,NA,Please confirm you have read the post before continuing.,2,2,5,3,3,4,5,5,7,7,7,7,Strongly agree,2,2,2,2,2,25-34,Man,Not sure / Cannot remember,3,LL,0,0,Low,Low,3,4.25,7,2,2,0.8180894308943092
15/09/2026 05:01,15/09/2026 05:04,IP Address,100,179,TRUE,15/09/2026 05:04,R_8AKlJRMdyq3J89Q,NA,NA,NA,NA,anonymous,EN,FL_EOS_ID,NA,I agree,Yes,Yes,Daily,Yes,Please confirm you have read the post before continuing.,NA,NA,NA,5,5,6,6,4,5,6,6,7,7,6,7,Strongly agree,7,6,6,5,6,25-34,Man,Yes,5,HH,1,1,High,High,5.5,5.25,6.75,6.5,5.666666666666667,0.5680894308943092
15/09/2026 06:14,15/09/2026 06:17,IP Address,100,167,TRUE,15/09/2026 06:17,R_8pKGlqkmmCO7W0h,NA,NA,NA,NA,anonymous,EN,FL_EOS_ID,NA,I agree,Yes,Yes,Daily,Yes,NA,Please confirm you have read the post before continuing.,NA,NA,3,2,2,2,1,1,4,4,7,7,7,7,Strongly agree,4,5,5,3,5,45 or above,Woman,Yes,5,HL,1,0,High,Low,2.25,2.5,7,4.5,4.333333333333333,0.8180894308943092
15/09/2026 07:59,15/09/2026 08:07,IP Address,100,481,TRUE,15/09/2026 08:07,R_2DdmY9Eyv6bZOMR,NA,NA,NA,NA,anonymous,EN,FL_EOS_ID,NA,I agree,Yes,Yes,Daily,Yes,NA,NA,Please confirm you have read the post before continuing.,NA,5,6,6,7,4,4,4,4,6,6,5,6,Strongly agree,5,7,5,5,6,18-24,Woman,Yes,6,LH,0,1,Low,High,6,4,5.75,6,5.333333333333333,-0.4319105691056908
15/09/2026 14:03,15/09/2026 14:08,IP Address,100,324,TRUE,15/09/2026 14:08,R_8eJOvHH774KlHJn,NA,NA,NA,NA,anonymous,EN,FL_EOS_ID,NA,I agree,Yes,Yes,Daily,Yes,NA,NA,NA,Please confirm you have read the post before continuing.,4,4,4,4,1,1,1,4,5,3,6,6,Strongly agree,2,5,5,3,5,35-44,Woman,Yes,5,LL,0,0,Low,Low,4,1.75,5,3.5,4.333333333333333,-1.1819105691056908
08/09/2026 13:19,08/09/2026 13:22,IP Address,100,197,TRUE,08/09/2026 13:22,R_8wTEVyiqB5aRbes,NA,NA,NA,NA,anonymous,ZH-S,FL_EOS_ID,NA,I agree,Yes,Yes,Daily,Yes,Please confirm you have read the post before continuing.,NA,NA,NA,6,7,7,7,4,5,6,4,7,7,7,7,Strongly agree,7,7,7,7,7,25-34,Woman,Yes,6,HH,1,1,High,High,6.75,4.75,7,7,7,0.8180894308943092
08/09/2026 13:19,08/09/2026 13:23,IP Address,100,269,TRUE,08/09/2026 13:23,R_4hFxAaAjVfl0PeK,NA,NA,NA,NA,anonymous,ZH-S,FL_EOS_ID,NA,I agree,Yes,Yes,Daily,Yes,NA,Please confirm you have read the post before continuing.,NA,NA,7,7,6,7,1,7,7,7,7,7,7,7,Strongly agree,7,7,5,1,5,18-24,Man,Yes,1,HL,1,0,High,Low,6.75,5.5,7,7,3.6666666666666665,0.8180894308943092
08/09/2026 13:28,08/09/2026 13:30,IP Address,100,92,TRUE,08/09/2026 13:30,R_8UyoJSnHcQ4vZGV,NA,NA,NA,NA,anonymous,ZH-S,FL_EOS_ID,NA,I agree,Yes,Yes,Daily,Yes,NA,NA,Please confirm you have read the post before continuing.,NA,7,6,7,7,4,6,5,6,2,3,6,2,Strongly agree,1,1,7,6,7,25-34,Woman,Yes,5,LH,0,1,Low,High,6.75,5.25,3.25,1,6.666666666666667,-2.931910569105691
08/09/2026 13:37,08/09/2026 13:40,IP Address,100,144,TRUE,08/09/2026 13:40,R_997IpvNP3boDRrr,NA,NA,NA,NA,anonymous,ZH-S,FL_EOS_ID,NA,I agree,Yes,Yes,Daily,Yes,NA,NA,Please confirm you have read the post before continuing.,NA,7,7,7,7,3,3,2,1,3,3,7,3,Strongly agree,5,5,7,7,7,18-24,Man,Yes,1,LH,0,1,Low,High,7,2.25,4,5,7,-2.181910569105691
08/09/2026 13:49,08/09/2026 13:51,IP Address,100,99,TRUE,08/09/2026 13:51,R_2vijJ9heYybo3zL,NA,NA,NA,NA,anonymous,ZH-S,FL_EOS_ID,NA,I agree,Yes,Yes,Daily,Yes,Please confirm you have read the post before continuing.,NA,NA,NA,5,6,7,5,3,4,5,4,7,7,7,7,Strongly agree,7,7,7,7,7,25-34,Woman,Yes,5,HH,1,1,High,High,5.75,4,7,7,7,0.8180894308943092
08/09/2026 14:25,08/09/2026 14:28,IP Address,100,174,TRUE,08/09/2026 14:28,R_2DZmYnsCHWuMBWx,NA,NA,NA,NA,anonymous,ZH-S,FL_EOS_ID,NA,I agree,Yes,Yes,Daily,Yes,NA,NA,Please confirm you have read the post before continuing.,NA,6,5,4,4,3,2,3,4,7,7,6,6,Strongly agree,2,7,6,5,5,25-34,Woman,Yes,6,LH,0,1,Low,High,4.75,3,6.5,4.5,5.333333333333333,0.3180894308943092
08/09/2026 17:46,08/09/2026 17:47,IP Address,100,90,TRUE,08/09/2026 17:47,R_80hEeM3suHazbTe,NA,NA,NA,NA,anonymous,ZH-S,FL_EOS_ID,NA,I agree,Yes,Yes,Daily,Yes,NA,NA,NA,Please confirm you have read the post before continuing.,4,4,5,5,4,4,4,4,6,6,6,6,Strongly agree,6,5,5,4,4,18-24,Man,Yes,2,LL,0,0,Low,Low,4.5,4,6,5.5,4.333333333333333,-0.1819105691056908
08/09/2026 22:30,08/09/2026 22:33,IP Address,100,187,TRUE,08/09/2026 22:33,R_6HN6qyB1zJOFwgO,NA,NA,NA,NA,anonymous,ZH-S,FL_EOS_ID,NA,I agree,Yes,Yes,Daily,Yes,NA,Please confirm you have read the post before continuing.,NA,NA,2,2,2,3,4,4,4,4,7,7,7,7,Strongly agree,7,7,3,3,3,25-34,Woman,Yes,5,HL,1,0,High,Low,2.25,4,7,7,3,0.8180894308943092
08/09/2026 15:10,09/09/2026 03:23,IP Address,100,44029,TRUE,09/09/2026 03:23,R_209Rwfq13q41ghb,NA,NA,NA,NA,anonymous,ZH-S,FL_EOS_ID,NA,I agree,Yes,Yes,Daily,Yes,Please confirm you have read the post before continuing.,NA,NA,NA,5,5,4,2,1,2,2,2,7,7,7,7,Strongly agree,7,7,7,1,6,25-34,Man,Yes,7,HH,1,1,High,High,4,1.75,7,7,4.666666666666667,0.8180894308943092
09/09/2026 18:51,09/09/2026 18:52,IP Address,100,40,TRUE,16/09/2026 18:52,R_9Vlw8iz6puBLada,NA,NA,NA,NA,qr,ZH-S,FL_EOS_ID,NA,I agree,Yes,Yes,Daily,Yes,NA,NA,NA,Please confirm you have read the post before continuing.,2,2,3,2,2,3,2,3,1,5,2,2,Strongly agree,1,1,3,2,2,45 or above,Man,Yes,2,LL,0,0,Low,Low,2.25,2.5,2.5,1,2.3333333333333335,-3.681910569105691
09/09/2026 16:28,09/09/2026 16:29,IP Address,100,113,TRUE,16/09/2026 16:30,R_8HiSK8Oic2sWqGh,NA,NA,NA,NA,anonymous,ZH-S,FL_EOS_ID,NA,I agree,Yes,Yes,Daily,Yes,NA,NA,NA,Please confirm you have read the post before continuing.,3,3,2,2,4,2,2,2,1,2,3,2,Strongly agree,1,1,2,2,2,18-24,Woman,Yes,5,LL,0,0,Low,Low,2.5,2.5,2,1,2,-4.181910569105691
09/09/2026 05:32,09/09/2026 08:17,IP Address,100,9937,TRUE,16/09/2026 08:17,R_2ELulZjdWrtQ3TT,NA,NA,NA,NA,qr,ZH-S,FL_EOS_ID,NA,I agree,Yes,Yes,Daily,Yes,NA,NA,NA,Please confirm you have read the post before continuing.,3,2,3,2,4,2,3,3,1,5,4,2,Strongly agree,1,1,3,2,2,25-34,Woman,Yes,7,LL,0,0,Low,Low,2.5,3,3,1,2.3333333333333335,-3.181910569105691
